STD_YM,BLOCK_CD,X_COORD,Y_COORD,FLOW_POP_CNT_MON,FLOW_POP_CNT_TUS,FLOW_POP_CNT_WED,FLOW_POP_CNT_THU,FLOW_POP_CNT_FRI,FLOW_POP_CNT_SAT,FLOW_POP_CNT_SUN
202001,3.63504E+19,1000033.992,1606529.147,0.95,1.2,0.95,1.22,1.2,0.32,0.25
202001,3.63504E+19,1000033.992,1606979.147,7.38,9.25,17.3,9.36,21.93,50.11,38.48
202001,3.63504E+19,1000033.992,1607279.147,2.83,3.37,3.81,3.55,3.76,3.97,4.4
202001,3.63504E+19,1000033.992,1607329.147,3.21,3.85,4.36,4.04,4.29,4.56,5.01
202001,3.63504E+19,1000033.992,1621979.147,0.04,0.04,0.02,0.04,0.02,0,0
202001,3.63504E+19,1000033.992,1622029.147,0.23,0.18,0.14,0.19,0.16,0.02,0.02
202001,3.63504E+19,1000033.992,1622079.147,0.04,0.04,0.02,0.04,0.02,0,0
202001,3.63504E+19,1000033.992,1624079.147,10.74,12.38,5.53,11.9,9.55,2.49,2.19
202001,3.63504E+19,1000033.992,1626329.147,0.57,0.32,0.11,0.26,0.67,2.05,2.07
202001,3.60204E+19,1000033.992,1640379.147,11.8,12.57,9.99,13.08,10.28,0.55,0.53
202001,3.60306E+19,1000033.992,1653279.147,0.11,0.11,0.18,0.12,0.18,0.28,0.23
202001,3.60306E+19,1000033.992,1653879.147,0.16,0.18,0.28,0.19,0.28,0.51,0.42
202001,3.60306E+19,1000033.992,1654429.147,0.04,0.04,0.04,0.04,0.04,0.04,0.02
202001,3.60306E+19,1000033.992,1654779.147,34.68,35.28,41.5,40.72,50.71,71.16,51.19
202001,3.60306E+19,1000033.992,1654829.147,18.63,18.42,20.5,19.6,26.82,37.96,25.98
202001,3.60306E+19,1000033.992,1655779.147,0.41,0.35,0.3,0.41,0.34,0.02,0.02
202001,3.60306E+19,1000033.992,1655829.147,0.25,0.23,0.19,0.26,0.23,0.02,0.02
202001,3.60306E+19,1000033.992,1656029.147,0.48,0.49,0.41,0.53,0.44,0.02,0.02
202001,3.60306E+19,1000033.992,1656229.147,2.84,2.86,2.93,3.05,3.39,3.83,3.11
202001,3.60306E+19,1000033.992,1656279.147,1.85,1.89,1.84,2.03,2.08,1.85,1.55
202001,3.60306E+19,1000033.992,1656629.147,0.21,0.23,0.18,0.25,0.19,0,0
202001,3.60306E+19,1000033.992,1656779.147,0.14,0.12,0.11,0.12,0.11,0,0
202001,3.60306E+19,1000033.992,1656879.147,0,0,0,0.02,0,0,0
202001,3.60306E+19,1000033.992,1656929.147,0.11,0.11,0.07,0.11,0.09,0,0
202001,3.60306E+19,1000033.992,1657129.147,3.81,3.58,3.73,3.51,5.19,7.17,5.33
202001,3.60306E+19,1000033.992,1657179.147,8.99,8.71,9.09,8.95,11.48,15.43,11.81
202001,3.60306E+19,1000033.992,1657279.147,1.71,1.66,1.68,1.75,1.87,2.19,1.73
202001,3.60306E+19,1000033.992,1657329.147,4.59,4.47,4.7,4.68,5.33,6.97,5.51
202001,3.60306E+19,1000033.992,1657379.147,1.8,1.75,1.84,1.84,2.08,2.83,2.24
202001,3.60306E+19,1000033.992,1657429.147,0.71,0.76,0.79,0.85,0.94,1.31,1.02
202001,3.60306E+19,1000033.992,1657629.147,23.43,24.69,25.22,26.52,28.29,33.83,28.57
202001,3.60306E+19,1000033.992,1657679.147,37.54,38.35,38.83,41.04,44.94,53.04,42.77
202001,3.60306E+19,1000033.992,1657729.147,42.27,42.19,42.59,43.54,52.32,63.59,50.4
202001,3.60306E+19,1000033.992,1657779.147,28.01,31.2,32.31,33.34,35.85,42.73,37.51
202001,3.60306E+19,1000033.992,1657829.147,27.72,30.87,32.07,32.99,35.55,42.68,37.47
202001,3.60306E+19,1000033.992,1657879.147,31.89,35.53,37.08,37.96,41.06,49.97,43.86
202001,3.60306E+19,1000033.992,1657929.147,16.7,18.61,19.41,19.88,21.49,26.12,22.92
202001,3.60306E+19,1000033.992,1658229.147,0.35,0.39,0.3,0.42,0.35,0.02,0.02
202001,3.60306E+19,1000033.992,1658879.147,0.42,0.49,0.42,0.46,0.44,0.42,0.39
202001,3.60306E+19,1000033.992,1658929.147,0.23,0.32,0.26,0.32,0.32,0.44,0.35
202001,3.60306E+19,1000033.992,1658979.147,0.46,0.58,0.53,0.6,0.62,0.9,0.71
202001,3.60306E+19,1000033.992,1659029.147,0.9,1.29,1.45,1.87,1.73,3.43,2.51
202001,3.60306E+19,1000033.992,1659079.147,6.3,9.76,10.79,9.38,12.45,30.18,23.31
202001,3.60306E+19,1000033.992,1659179.147,124.98,136,161.41,148.95,167.12,290.49,232.13
202001,3.60306E+19,1000033.992,1659229.147,13.77,16.97,16.58,15.56,17.02,28.11,24.54
202001,3.60306E+19,1000033.992,1659279.147,173.91,185.22,196.38,189.03,197.74,254.12,232.8
202001,3.60306E+19,1000033.992,1659329.147,374.95,379.07,400.94,380.9,392.24,490.01,490.93
202001,3.60306E+19,1000033.992,1659379.147,138.23,147.29,150.99,145.15,148.93,166.99,160.9
202001,3.60306E+19,1000033.992,1659429.147,23.2,24,27.76,26.59,28.5,39.89,34.43
202001,3.60306E+19,1000033.992,1659479.147,151.19,159.45,171.74,164.73,175.8,223.92,207.84
202001,3.60306E+19,1000033.992,1659529.147,35.55,36.5,39.4,37.28,39.84,50.45,49.5
202001,3.60306E+19,1000033.992,1659629.147,10.68,10.54,12.18,12.36,14.64,18.79,16.21
202001,3.60306E+19,1000033.992,1659679.147,5.01,5.51,5.84,5.46,5.7,6.25,6.06
202001,3.60306E+19,1000033.992,1659729.147,3.41,3.43,3.8,3.53,3.78,4.94,4.36
202001,3.60306E+19,1000033.992,1660079.147,0.32,0.3,0.3,0.3,0.26,0.16,0.16
202001,3.60306E+19,1000033.992,1660129.147,5.6,6.02,5.16,6.02,5.35,2.45,2.33
202001,3.60306E+19,1000033.992,1660179.147,1.43,1.5,1.36,1.52,1.41,0.9,0.87
202001,3.60306E+19,1000033.992,1660229.147,1.57,1.66,1.52,1.66,1.54,1.02,0.94
202001,3.60306E+19,1000033.992,1660279.147,0.81,0.88,0.79,0.88,0.83,0.55,0.49
202001,3.60306E+19,1000033.992,1660329.147,0.88,0.94,0.92,0.94,0.95,0.97,0.92
202001,3.60306E+19,1000033.992,1660379.147,2.3,2.49,2.12,2.58,2.26,0.97,0.83
202001,3.60306E+19,1000033.992,1660479.147,4.79,5.21,4.63,5.39,4.96,3.09,2.67
202001,3.60306E+19,1000033.992,1660529.147,46.05,49.07,43.65,49.6,45.75,27.72,25
202001,3.60306E+19,1000033.992,1660579.147,12.22,13.83,12.64,13.93,13.37,9.43,8.99
202001,3.60306E+19,1000033.992,1660629.147,2.12,2.31,2.12,2.4,2.31,1.84,1.59
202001,3.60306E+19,1000033.992,1660679.147,4.33,4.54,4.24,4.84,4.75,3.83,3.32
202001,3.60306E+19,1000033.992,1660729.147,3.25,3.3,2.91,3.62,3.3,1.85,1.59
202001,3.60306E+19,1000033.992,1660779.147,1.41,1.52,1.43,1.57,1.43,0.92,0.87
202001,3.60306E+19,1000033.992,1660829.147,3.78,4.08,3.71,4.1,4.01,3.18,2.67
202001,3.60306E+19,1000033.992,1660879.147,11.87,12.77,12.38,13.61,13.67,11.35,10.58
202001,3.60306E+19,1000033.992,1660929.147,10.67,11.41,11.35,12.22,12.64,11.92,10.91
202001,3.60306E+19,1000033.992,1660979.147,15.65,15.91,15.47,17.36,18.15,16.79,14.51
202001,3.60306E+19,1000033.992,1661029.147,226.29,237.66,239.6,250.48,255.12,254.26,226.27
202001,3.60306E+19,1000033.992,1661079.147,20.66,21.07,21.07,22.88,24.69,24.99,21.7
202001,3.60306E+19,1000033.992,1661129.147,461.99,467.76,459.62,510.16,534.19,501.05,437.99
202001,3.60306E+19,1000033.992,1661179.147,487.12,495.98,491.78,535.94,558.33,522.63,471.77
202001,3.60306E+19,1000033.992,1661229.147,486.04,496.09,490.38,538.08,559.8,521.66,465.5
202001,3.60306E+19,1000033.992,1661279.147,563.24,581.2,583.56,622.06,638.83,606.63,556.81
202001,3.60306E+19,1000033.992,1661329.147,561.9,581.06,580,615.63,636.27,641.43,573.23
202001,3.60306E+19,1000033.992,1661379.147,33.16,36.43,36.98,37.54,38.09,39.34,37.19
202001,3.60306E+19,1000033.992,1661429.147,25,26.22,25.57,26.91,26.96,23.8,22.27
202001,3.60306E+19,1000033.992,1661479.147,69.33,72.24,73.56,73.56,75.12,78.35,76.88
202001,3.60306E+19,1000033.992,1661529.147,26.36,26.65,27.85,28.59,31.33,36.71,31.86
202001,3.60306E+19,1000033.992,1661579.147,73.86,76.23,77.01,79.13,83.93,91.12,78.74
202001,3.60306E+19,1000033.992,1661629.147,54.65,56.68,58.13,60.13,62.77,66.82,56.28
202001,3.60306E+19,1000033.992,1661679.147,12.18,12.33,12.1,12.52,13.86,16.48,13.6
202001,3.60306E+19,1000033.992,1661729.147,28.82,31.01,29.93,31.8,32.77,32.77,27.3
202001,3.60306E+19,1000033.992,1661779.147,3.83,4.24,3.97,4.43,4.33,3.48,2.75
202001,3.60306E+19,1000033.992,1661829.147,3.62,3.58,3.05,3.57,3.46,2.83,2.45
202001,3.60306E+19,1000033.992,1661879.147,5.09,5.19,4.43,5.42,4.7,1.77,1.52
202001,3.60306E+19,1000033.992,1661929.147,12.86,13.46,12.93,14,14.04,13.44,11.65
202001,3.60306E+19,1000033.992,1661979.147,3.85,3.97,3.88,4.04,4.38,5.17,4.31
202001,3.60306E+19,1000033.992,1662029.147,1.82,2.12,2.22,2.22,2.3,2.31,1.84
202001,3.60306E+19,1000033.992,1662079.147,1.09,1.17,1.29,1.34,1.36,1.38,1.11
202001,3.60306E+19,1000033.992,1662129.147,0.49,0.49,0.55,0.53,0.6,0.78,0.67
202001,3.60306E+19,1000033.992,1662179.147,0.44,0.44,0.49,0.48,0.53,0.71,0.6
202001,3.60306E+19,1000033.992,1662329.147,0.02,0.02,0.02,0.02,0.02,0.02,0.02
202001,3.60306E+19,1000033.992,1662379.147,1.54,1.62,1.96,1.68,1.89,2.65,2.81
202001,3.60306E+19,1000033.992,1662479.147,10.68,11.16,12.84,11.5,12.45,17.38,17.02
202001,3.60306E+19,1000033.992,1662529.147,9.84,10.44,12.18,10.77,11.94,17.48,16.83
202001,3.60306E+19,1000033.992,1662579.147,1.59,1.8,2.03,1.84,1.96,2.93,2.83
202001,3.60306E+19,1000033.992,1662679.147,1.52,1.61,1.47,1.55,1.57,1.54,1.59
202001,3.60306E+19,1000033.992,1663479.147,0.05,0.05,0.05,0.05,0.07,0.07,0.05
202001,3.60306E+19,1000033.992,1664829.147,6.36,6.94,6.89,7.36,6.96,6.11,4.68
202001,3.60306E+19,1000033.992,1664879.147,35.14,37.42,36.31,38.94,38.51,32.76,26.13
202001,3.60306E+19,1000033.992,1664929.147,20.36,21.97,21.93,24.02,22.28,20.89,17.98
202001,3.60306E+19,1000033.992,1664979.147,20.7,22.3,22.32,22.85,22.57,21.37,18.38
202001,3.60306E+19,1000033.992,1665079.147,16.07,17.39,17.34,17.96,16.85,18.01,16.62
202001,3.60306E+19,1000033.992,1665129.147,15.65,16.62,16.25,17.36,16.86,15.77,13.88
202001,3.60306E+19,1000033.992,1665179.147,0.51,0.53,0.53,0.57,0.62,0.65,0.55
202001,3.60304E+19,1000033.992,1665229.147,4.56,4.63,4.15,4.98,4.98,2.98,1.85
202001,3.60304E+19,1000033.992,1665329.147,19.58,21,20.64,21.98,21.14,20.01,18.13
202001,3.60304E+19,1000033.992,1665379.147,3.99,4.18,4.1,4.36,4.43,3.85,3.46
202001,3.60304E+19,1000033.992,1665429.147,0.44,0.46,0.42,0.48,0.48,0.35,0.28
202001,3.60304E+19,1000033.992,1665479.147,5.14,5.37,5.16,5.65,5.76,4.98,4.17
202001,3.60304E+19,1000033.992,1665529.147,20.36,21.21,20.09,22.37,22.21,16.78,13.9
202001,3.60304E+19,1000033.992,1665579.147,69.77,74.13,71.87,76.9,74.23,65.16,59.38
202001,3.60304E+19,1000033.992,1665629.147,75.86,81.46,77.64,83.93,80.27,68.87,60.18
202001,3.60304E+19,1000033.992,1665679.147,139.34,150.96,144.48,157.26,146.63,121.88,109.43
202001,3.60304E+19,1000033.992,1665729.147,65.64,71.07,69.5,74.62,69.82,61.64,58.15
202001,3.60304E+19,1000033.992,1665779.147,13.53,14.27,13.61,14.83,14.67,11.81,10.61
202001,3.60304E+19,1000033.992,1665829.147,3.88,4.2,4.1,4.33,4.26,4.06,3.83
202001,3.60304E+19,1000033.992,1665879.147,1.45,1.55,1.57,1.59,1.61,1.61,1.55
202001,3.60304E+19,1000033.992,1665929.147,1.04,1.15,1.11,1.15,1.13,1.2,1.06
202001,3.60304E+19,1000033.992,1665979.147,1.47,1.54,1.39,1.61,1.52,0.97,0.74
202001,3.60304E+19,1000033.992,1666029.147,0.94,0.97,0.92,1.02,0.97,0.74,0.58
202001,3.60304E+19,1000033.992,1666129.147,7.43,7.8,7.17,8.14,7.58,5.3,4.24
202001,3.60304E+19,1000033.992,1666179.147,8.32,8.92,8.93,9.62,8.49,5.74,4.43
202001,3.60304E+19,1000033.992,1666229.147,13.17,14.11,13.63,14.94,13.44,9.41,7.35
202001,3.60304E+19,1000033.992,1666279.147,1.75,1.89,2.19,2.15,1.87,1.66,1.25
202001,3.60304E+19,1000033.992,1666329.147,0.94,0.92,0.92,1.01,0.97,0.83,0.65
202001,3.60304E+19,1000033.992,1666629.147,0.34,0.37,0.34,0.39,0.32,0.14,0.14
202001,3.60304E+19,1000033.992,1666679.147,0.35,0.39,0.39,0.42,0.37,0.28,0.26
202001,3.60304E+19,1000033.992,1666729.147,1.25,1.38,1.34,1.45,1.31,1.04,1.04
202001,3.60304E+19,1000033.992,1666829.147,0.41,0.44,0.42,0.48,0.41,0.25,0.23
202001,3.60304E+19,1000033.992,1668029.147,0.07,0.07,0.05,0.07,0.07,0,0
202001,3.60304E+19,1000033.992,1668079.147,0.19,0.21,0.18,0.23,0.19,0,0
202001,3.60304E+19,1000033.992,1672929.147,3.44,2.75,3.88,3.62,6.66,9.66,7.63
202001,3.60304E+19,1000033.992,1672979.147,5.49,4.4,5.86,5.3,8.95,15.04,13.49
202001,3.60304E+19,1000033.992,1673029.147,6.5,5.19,6.62,6.46,10.29,15.1,12.96
202001,3.60304E+19,1000033.992,1673079.147,3.62,2.93,2.68,3.81,3.32,0.88,0.69
202001,3.60304E+19,1000033.992,1673129.147,15.87,12.68,10.47,15.75,12.78,0.25,0.21
202001,3.60304E+19,1000033.992,1673179.147,241.47,196.2,241.72,254.74,375.99,454.27,359.4
202001,3.60304E+19,1000033.992,1673229.147,241.47,196.2,241.72,254.74,375.99,454.27,359.4
202001,3.60304E+19,1000033.992,1673479.147,77.11,61.68,66.92,73.95,94.24,111.93,101.18
202001,3.60304E+19,1000033.992,1673529.147,53.06,43.09,49.46,54.99,72.22,77.8,63.16
202001,3.60304E+19,1000033.992,1677929.147,0.16,0.16,0.12,0.16,0.14,0.02,0.02
202001,3.60304E+19,1000033.992,1677979.147,0.16,0.14,0.12,0.16,0.14,0.02,0.02
202001,3.60304E+19,1000033.992,1678479.147,0.48,0.37,0.28,0.41,0.35,0.02,0.02
202001,3.60304E+19,1000033.992,1679279.147,37.65,28.38,32.23,31.18,40.35,59.05,60.62
202001,3.63303E+19,1000033.992,1682929.147,0.21,0.19,0.11,0.09,0.3,0.34,0.19
202001,3.63303E+19,1000033.992,1683779.147,1.89,2.22,2.12,1.68,2.81,4.03,2.88
202001,3.63303E+19,1000033.992,1684679.147,0.25,0.28,0.18,0.21,0.25,0.02,0.02
202001,3.63303E+19,1000033.992,1684729.147,0.25,0.28,0.18,0.21,0.25,0.02,0.02
202001,3.63303E+19,1000033.992,1687279.147,0.55,0.72,0.71,0.69,0.92,1.31,0.74
202001,3.63303E+19,1000033.992,1687429.147,0.64,0.83,0.81,0.79,1.06,1.55,0.88
202001,3.63303E+19,1000033.992,1687579.147,0.02,0.02,0.02,0.02,0.04,0.04,0.04
202001,3.63303E+19,1000033.992,1688129.147,6.67,6.89,6.75,7.5,8.76,11.07,7.8
202001,3.63303E+19,1000033.992,1688179.147,3.85,3.87,3.83,4.27,5.26,6.87,4.84
202001,3.63303E+19,1000033.992,1688229.147,3.43,3.62,3.55,3.88,4.43,5.77,4.08
202001,3.63303E+19,1000033.992,1688279.147,1.18,1.25,1.2,1.36,1.48,1.71,1.2
202001,3.63303E+19,1000033.992,1688329.147,0.26,0.28,0.26,0.3,0.34,0.37,0.26
202001,3.63303E+19,1000033.992,1689229.147,0.07,0.07,0.05,0.07,0.07,0,0
202001,3.63303E+19,1000033.992,1689379.147,0.12,0.12,0.12,0.14,0.16,0.16,0.12
202001,3.63303E+19,1000033.992,1689429.147,0.79,0.76,0.74,0.78,0.87,0.94,0.81
202001,3.63303E+19,1000033.992,1689629.147,0.23,0.25,0.25,0.26,0.34,0.42,0.32
202001,3.63303E+19,1000033.992,1689779.147,0,0,0,0.02,0,0,0
202001,3.63303E+19,1000033.992,1689829.147,0,0,0,0.02,0,0,0
202001,3.63303E+19,1000033.992,1689879.147,0.02,0.02,0.02,0.02,0.02,0,0
202001,3.63303E+19,1000033.992,1689929.147,0.02,0.02,0.02,0.02,0.02,0,0
202001,3.63303E+19,1000033.992,1689979.147,0.02,0.02,0.02,0.04,0.02,0,0
202001,3.63303E+19,1000033.992,1690429.147,0.02,0.02,0.02,0.02,0.02,0,0
202001,3.63303E+19,1000033.992,1690729.147,0.04,0.04,0.04,0.04,0.04,0,0
202001,3.63303E+19,1000033.992,1691029.147,0.57,0.58,0.58,0.64,0.78,1.09,0.83
202001,3.63303E+19,1000033.992,1691129.147,1.11,1.13,1.08,1.24,1.34,1.39,1.02
202001,3.63303E+19,1000033.992,1691179.147,3.6,3.69,3.62,4.08,4.75,5.81,4.29
202001,3.63303E+19,1000033.992,1691229.147,3.21,3.28,3.28,3.62,4.36,5.67,4.18
202001,3.63303E+19,1000033.992,1695579.147,0.02,0.02,0.02,0.02,0.02,0.02,0.02
202001,3.63303E+19,1000033.992,1695629.147,0.04,0.04,0.04,0.05,0.04,0,0
202001,3.63303E+19,1000033.992,1695729.147,0.05,0.04,0.04,0.05,0.04,0,0
202001,3.63303E+19,1000033.992,1695779.147,0.05,0.04,0.04,0.05,0.04,0,0
202001,3.63303E+19,1000033.992,1695829.147,0.04,0.04,0.04,0.05,0.04,0,0
202001,3.63303E+19,1000033.992,1695929.147,0.05,0.04,0.04,0.05,0.04,0,0
202001,3.63303E+19,1000033.992,1695979.147,0.02,0.02,0.02,0.02,0.02,0,0
202001,3.63304E+19,1000033.992,1700579.147,0.9,0.69,2.22,0.79,1.13,3.58,5.23
202001,3.63304E+19,1000033.992,1700629.147,2.56,2.08,8.14,2.77,4.31,12.8,19.51
202001,3.50503E+19,1000033.992,1709979.147,0.97,0.92,0.94,0.92,1.15,1.29,1.22
202001,3.50503E+19,1000033.992,1710029.147,1.52,1.45,1.54,1.43,1.94,2.56,2.44
202001,3.50503E+19,1000033.992,1710079.147,14.89,14.34,12.7,13.3,15.31,16.76,15.59
202001,3.50503E+19,1000033.992,1710129.147,0,0,0,0,0.02,0.05,0.04
202001,3.50503E+19,1000033.992,1710179.147,3.32,3.16,3.51,3.13,4.5,6.57,6.23
202001,3.50503E+19,1000033.992,1710979.147,0,0,0,0.02,0.02,0,0
202001,3.50503E+19,1000033.992,1711429.147,0.02,0.02,0.02,0.02,0.02,0.02,0.02
202001,3.50503E+19,1000033.992,1711879.147,0.72,0.69,0.83,0.79,1.09,1.61,1.7
202001,3.50503E+19,1000033.992,1711979.147,0.85,0.92,0.9,0.97,1.27,1.64,1.61
202001,3.50504E+19,1000033.992,1716529.147,8.02,8.35,8.26,8.46,9.08,10.98,9.75
202001,3.50504E+19,1000033.992,1716579.147,5.69,6.09,5.63,6.16,6.3,6.57,5.84
202001,3.50504E+19,1000033.992,1716679.147,47.06,49.04,46.9,49.71,51.26,54.18,48.03
202001,3.50504E+19,1000033.992,1716779.147,85.96,92.02,84.83,93.16,94.88,97.53,86.88
202001,3.50501E+19,1000033.992,1716829.147,22.97,26.4,22.9,26.65,27.32,30.23,27.23
202001,3.50501E+19,1000033.992,1717079.147,0,0,0,0.09,0.02,0,0
202001,3.50501E+19,1000033.992,1717129.147,3.23,4.47,4.03,4.94,6.04,5.81,3.21
202001,3.50501E+19,1000033.992,1717179.147,0.65,0.81,0.81,0.78,1.18,2.19,1.61
202001,3.50501E+19,1000033.992,1717479.147,2.28,2.84,2.38,2.72,3.05,3.58,2.63
202001,3.50501E+19,1000033.992,1717529.147,2.14,2.67,2.22,2.6,2.86,3.34,2.45
202001,3.50501E+19,1000033.992,1717579.147,0.79,1.01,0.81,0.97,1.02,1.08,0.79
202001,3.50501E+19,1000033.992,1717629.147,2.65,2.75,2.49,2.58,4.06,6,3.74
202001,3.50501E+19,1000033.992,1717679.147,0,0,0,0.02,0,0,0
202001,3.50501E+19,1000033.992,1717729.147,2.47,3.3,2.83,3.5,3.9,3.46,2.15
202001,3.50501E+19,1000033.992,1717829.147,0,0,0,0.02,0,0,0
202001,3.50504E+19,1000033.992,1721229.147,7.63,6.67,6.89,7.01,9.15,13.14,11.76
202001,3.50504E+19,1000033.992,1722029.147,2,2.08,2.1,2.08,2.47,3.11,2.58
202001,3.50504E+19,1000033.992,1722079.147,1.27,1.32,1.32,1.32,1.55,1.92,1.59
202001,3.50504E+19,1000033.992,1722429.147,0.14,0.12,0.09,0.12,0.09,0.02,0
202001,3.50504E+19,1000033.992,1722579.147,0.05,0.05,0.04,0.05,0.04,0,0
202001,3.53403E+19,1000033.992,1726929.147,0.18,0.18,0.16,0.19,0.19,0.21,0.21
202001,3.53403E+19,1000033.992,1726979.147,0.23,0.23,0.21,0.25,0.26,0.26,0.28
202001,3.53403E+19,1000033.992,1727279.147,1.27,1.27,1.27,1.36,1.57,2.05,2.12
202001,3.53403E+19,1000033.992,1727329.147,1.61,1.61,1.57,1.73,1.96,2.47,2.54
202001,3.53403E+19,1000033.992,1727479.147,0.09,0.09,0.07,0.09,0.09,0.11,0.11
202001,3.53403E+19,1000033.992,1727579.147,41.41,41.58,40.38,44.69,50.04,60.46,62.24
202001,3.53403E+19,1000033.992,1727629.147,41.41,41.58,40.38,44.69,50.04,60.46,62.24
202001,3.53403E+19,1000033.992,1727679.147,41.41,41.58,40.38,44.69,50.04,60.46,62.24
202001,3.53403E+19,1000033.992,1731529.147,1.48,1.43,1.57,1.57,2.19,2.84,2.3
202001,3.53403E+19,1000033.992,1731579.147,1.94,1.87,2.03,2.05,2.79,3.48,2.81
202001,3.53403E+19,1000033.992,1731629.147,1.94,1.87,2.03,2.05,2.79,3.48,2.81
202001,3.53403E+19,1000033.992,1731679.147,0.37,0.35,0.39,0.39,0.51,0.62,0.49
202001,3.53403E+19,1000033.992,1731729.147,0.64,0.6,0.6,0.64,0.79,0.97,0.79
202001,3.53401E+19,1000033.992,1732379.147,6.07,6.41,6.16,6.94,8.58,15.38,11.09
202001,3.53401E+19,1000033.992,1732429.147,6.07,6.41,6.16,6.94,8.58,15.38,11.09
202001,3.53401E+19,1000033.992,1732679.147,0.11,0.11,0.11,0.12,0.14,0.14,0.14
202001,3.53401E+19,1000033.992,1732729.147,0.3,0.3,0.32,0.28,0.42,0.44,0.35
202001,3.53401E+19,1000033.992,1732779.147,2,1.96,2.17,1.94,2.77,2.95,2.35
202001,3.53401E+19,1000033.992,1732829.147,0.92,1.06,0.95,1.08,1.29,1.36,1.34
202001,3.53401E+19,1000033.992,1732879.147,0.99,1.13,1.04,1.15,1.47,1.66,1.66
202001,3.53401E+19,1000033.992,1732929.147,0.81,0.94,0.87,0.95,1.24,1.43,1.43
202001,3.53401E+19,1000033.992,1732979.147,0.07,0.07,0.07,0.07,0.09,0.09,0.09
202001,3.53401E+19,1000033.992,1735079.147,0.07,0.07,0.05,0.07,0.05,0,0
202001,3.53401E+19,1000033.992,1735429.147,6.18,6.57,6.23,7.35,8.03,7.96,6.11
202001,3.53401E+19,1000033.992,1735629.147,0.18,0.18,0.18,0.18,0.21,0.23,0.21
202001,3.53401E+19,1000033.992,1735679.147,19.44,19.02,19.76,19.35,24.84,30.41,25
202001,3.53401E+19,1000033.992,1737779.147,0.02,0.02,0.02,0.02,0.02,0,0
202001,3.53401E+19,1000033.992,1738029.147,0.04,0.05,0.04,0.05,0.04,0,0
202001,3.53401E+19,1000033.992,1738279.147,429.39,442.74,446.71,460.75,529.11,643.11,555.4
202001,3.53401E+19,1000033.992,1738329.147,0.39,1.92,2.79,1.5,28.8,82.94,19.32
202001,3.53401E+19,1000033.992,1738379.147,14.51,14.69,14.2,15.17,15.7,15.79,15.5
202001,3.53401E+19,1000033.992,1738429.147,25.41,25.83,25.02,26.65,29.22,32.61,28.29
202001,3.53401E+19,1000033.992,1738479.147,0.04,0.18,0.25,0.14,2.37,6.78,1.57
202001,3.53401E+19,1000033.992,1738529.147,29.05,29.52,28.61,30.44,33.39,37.28,32.33
202001,3.53401E+19,1000033.992,1738979.147,3.16,3.2,2.98,3.3,3.27,2.81,2.75
202001,3.53401E+19,1000033.992,1739029.147,4.66,4.71,4.43,4.87,4.86,4.31,4.24
202001,3.53401E+19,1000033.992,1739079.147,6.46,6.55,6.16,6.76,6.78,6.13,6.02
202001,3.53401E+19,1000033.992,1739179.147,10.9,11.02,10.44,11.39,11.5,10.51,10.31
202001,3.53401E+19,1000033.992,1741179.147,0.11,0.07,0.11,0.14,0.11,0.19,0.11
202001,3.53403E+19,1000033.992,1747779.147,0.55,0.58,0.69,0.72,1.08,1.45,1.09
202001,3.53403E+19,1000033.992,1747829.147,0.57,0.62,0.71,0.76,1.09,1.45,1.09
202001,3.53201E+19,1000033.992,1752329.147,0.3,0.26,0.25,0.32,0.35,0.3,0.25
202001,3.53201E+19,1000033.992,1752479.147,1.48,1.38,1.36,1.55,1.8,2.14,1.77
202001,3.53201E+19,1000033.992,1752529.147,1.34,1.25,1.24,1.43,1.66,2,1.64
202001,3.53201E+19,1000033.992,1752579.147,0.78,0.71,0.72,0.81,0.99,1.18,0.97
202001,3.53201E+19,1000033.992,1752729.147,0.04,0.04,0.02,0.04,0.02,0,0
202001,3.53201E+19,1000033.992,1752779.147,0.04,0.04,0.02,0.04,0.02,0,0
202001,3.53201E+19,1000033.992,1753079.147,1.11,1.08,1.09,1.11,1.29,1.68,1.43
202001,3.53201E+19,1000033.992,1754379.147,0.41,0.39,0.55,0.48,0.69,1.04,0.74
202001,3.53203E+19,1000033.992,1759379.147,0.09,0.09,0.09,0.11,0.11,0.11,0.07
202001,3.53203E+19,1000033.992,1764379.147,38.44,37.96,39.68,41.69,50.52,71.53,59.28
202001,3.53203E+19,1000033.992,1764429.147,38.44,37.96,39.68,41.69,50.52,71.53,59.28
202001,3.53204E+19,1000033.992,1768029.147,0.95,0.85,1.09,1.04,1.18,1.91,1.66
202001,3.53204E+19,1000033.992,1768079.147,0.97,0.85,1.11,1.04,1.2,1.91,1.68
202001,3.53203E+19,1000033.992,1771679.147,1.47,1.77,1.92,1.31,1.62,2.05,1.94
202001,3.43104E+19,1000033.992,1777779.147,0,0,0.02,0,0.07,0.25,0.25
202001,3.43104E+19,1000033.992,1778129.147,0.21,0.19,0.18,0.23,0.18,0.02,0
202001,3.43104E+19,1000033.992,1778179.147,0.21,0.19,0.19,0.25,0.18,0.02,0
202001,3.43104E+19,1000033.992,1778979.147,0.88,1.15,0.92,1.06,1.39,1.52,1.43
202001,3.43104E+19,1000033.992,1779029.147,1.34,1.77,1.32,1.59,2.1,2.4,2.35
202001,3.43104E+19,1000033.992,1779079.147,1.34,1.77,1.34,1.61,2.12,2.53,2.47
202001,3.43104E+19,1000033.992,1779129.147,0.51,0.67,0.51,0.62,0.81,0.97,0.94
202001,3.43104E+19,1000033.992,1780979.147,0.02,0.02,0.05,0.02,0.11,0.37,0.26
202001,3.43104E+19,1000033.992,1781329.147,3.34,3.28,3.58,3.96,5.4,6.78,5.14
202001,3.43104E+19,1000033.992,1781429.147,10.26,9.75,10.98,11.07,15.33,18.77,13.47
202001,3.43104E+19,1000033.992,1781479.147,3.39,3.34,3.64,4.01,5.49,6.94,5.26
202001,3.43104E+19,1000033.992,1781529.147,16.72,15.87,16.33,17.82,22.78,28.64,21.17
202001,3.43104E+19,1000033.992,1781679.147,0.05,0.05,0.07,0.07,0.11,0.16,0.12
202001,3.43104E+19,1000033.992,1781829.147,0,0,0.02,0,0.02,0.02,0.02
202001,3.43104E+19,1000033.992,1781879.147,0.02,0.02,0.02,0.02,0.02,0.07,0.04
202001,3.43104E+19,1000033.992,1782379.147,10.75,10.56,11.44,11.94,15.66,21.21,12.08
202001,3.43104E+19,1000033.992,1782579.147,0,0,0.02,0,0.05,0.23,0.12
202001,3.43104E+19,1000033.992,1782879.147,0.02,0.02,0.02,0.02,0.04,0.07,0.04
202001,3.43104E+19,1000033.992,1784579.147,0.12,0.14,0.11,0.18,0.12,0,0
202001,3.43104E+19,1000033.992,1785779.147,0.02,0.02,0.02,0.02,0.02,0,0
202001,3.43104E+19,1000033.992,1786579.147,0.39,0.39,0.39,0.42,0.48,0.53,0.35
202001,3.43104E+19,1000033.992,1786629.147,1.91,1.91,1.87,2.08,2.37,2.51,1.7
202001,3.43104E+19,1000033.992,1786679.147,4.82,5,4.8,5.17,6.02,6.67,4.91
202001,3.43104E+19,1000033.992,1786729.147,1.08,1.06,1.04,1.17,1.36,1.45,0.97
202001,3.43104E+19,1000033.992,1786779.147,0.23,0.23,0.23,0.25,0.28,0.32,0.21
202001,3.43104E+19,1000033.992,1786829.147,0.14,0.14,0.14,0.14,0.18,0.19,0.12
202001,3.43104E+19,1000033.992,1787329.147,0.09,0.09,0.07,0.09,0.07,0,0
202001,3.43104E+19,1000033.992,1787379.147,0.07,0.07,0.05,0.07,0.05,0,0
202001,3.43104E+19,1000033.992,1787629.147,0.16,0.16,0.12,0.18,0.14,0,0
202001,3.43101E+19,1000033.992,1788579.147,0.09,0.09,0.09,0.09,0.09,0.05,0.05
202001,3.43101E+19,1000033.992,1788979.147,2.44,2.68,2.81,2.68,2.98,4.31,3.9
202001,3.43101E+19,1000033.992,1789029.147,16.81,18.13,18.33,17.61,18.08,24.09,22.21
202001,3.43101E+19,1000033.992,1789079.147,20.36,20.66,22.07,22.41,24.99,34.66,32.88
202001,3.43101E+19,1000033.992,1789129.147,135,145.77,144.16,141.18,144.39,178.36,161.89
202001,3.43101E+19,1000033.992,1789179.147,72.01,75.97,78.08,78.15,87.81,108.77,98.55
202001,3.43101E+19,1000033.992,1789229.147,77.25,82,81.42,83.82,90.14,109.78,98.76
202001,3.43101E+19,1000033.992,1789279.147,59.68,62.81,62.81,65.46,68.46,79.64,74.22
202001,3.43101E+19,1000033.992,1789329.147,15.03,15.24,15.13,16.53,16.9,17.48,16.6
202001,3.43101E+19,1000033.992,1789379.147,24.76,26.06,25.53,27.26,27.74,29.67,27.63
202001,3.43101E+19,1000033.992,1789429.147,15.66,16.62,15.42,16.95,16.81,14.82,13.33
202001,3.43101E+19,1000033.992,1789479.147,2.86,3.04,2.83,3.09,3.09,2.86,2.58
202001,3.43101E+19,1000033.992,1789529.147,1.5,1.59,1.5,1.62,1.64,1.61,1.45
202001,3.43101E+19,1000033.992,1789579.147,0.11,0.09,0.09,0.07,0.11,0.07,0.07
202001,3.43103E+19,1000033.992,1790929.147,7.08,7.03,7.12,7.77,9.57,10.35,7.01
202001,3.43103E+19,1000033.992,1791329.147,4.06,3.41,3.48,4.17,5.07,5.97,6.15
202001,3.43103E+19,1000033.992,1791379.147,1.66,1.38,1.08,1.7,1.39,0.07,0.07
202001,3.43103E+19,1000033.992,1791429.147,0.02,0.02,0.02,0.04,0.02,0,0
202001,3.43103E+19,1000033.992,1792629.147,8,8.21,8.41,9.94,9.71,7.13,6.87
202001,3.43103E+19,1000033.992,1792679.147,19.41,21.45,20.62,22.23,24.33,26.06,19.94
202001,3.43103E+19,1000033.992,1792729.147,10.19,11.27,10.82,11.67,12.78,13.74,10.51
202001,3.43103E+19,1000033.992,1793729.147,0.02,0.02,0.02,0.02,0.02,0,0
202001,3.43103E+19,1000033.992,1794229.147,2.33,2.07,1.91,2.54,2.83,2.31,2.14
202001,3.43103E+19,1000033.992,1794779.147,0.51,0.42,0.64,0.51,1.29,2.08,2.1
202001,3.43103E+19,1000033.992,1794829.147,8.63,6.92,8.33,9.73,14.23,18.45,18.82
202001,3.43103E+19,1000033.992,1794879.147,16.69,13.7,15.89,18.65,27.09,34.15,33.94
202001,3.43103E+19,1000033.992,1794929.147,20.24,16.62,19.12,22.62,32.46,40.4,40.15
202001,3.43103E+19,1000033.992,1795229.147,21.81,16.79,18.79,23.96,31.03,35.3,36.85
202001,3.43103E+19,1000033.992,1795779.147,1.2,0.94,0.74,1.31,0.97,0.05,0.05
202001,3.43104E+19,1000033.992,1798729.147,0.49,0.41,0.48,0.57,0.76,0.99,0.55
202001,3.43104E+19,1000033.992,1798829.147,0.3,0.25,0.28,0.35,0.46,0.6,0.34
202001,3.43104E+19,1000033.992,1798879.147,0.12,0.09,0.09,0.14,0.11,0,0
202001,3.43104E+19,1000033.992,1798929.147,0.07,0.05,0.05,0.09,0.05,0,0
202001,3.43104E+19,1000033.992,1798979.147,0.04,0.04,0.04,0.05,0.04,0,0
202001,3.43104E+19,1000033.992,1799029.147,0.04,0.04,0.02,0.04,0.04,0,0
202001,3.43104E+19,1000033.992,1799079.147,0.02,0,0,0.02,0,0,0
202001,3.43104E+19,1000033.992,1801779.147,1.36,1.17,1.59,1.27,2.08,3.58,3.53
202001,3.43104E+19,1000033.992,1801979.147,1.54,1.36,1.73,1.7,3.16,3.99,3.41
202001,3.43104E+19,1000033.992,1802279.147,0.71,0.76,0.65,0.81,0.71,0.32,0.26
202001,3.43104E+19,1000033.992,1802329.147,0.16,0.18,0.14,0.18,0.16,0.04,0.04
202001,3.43104E+19,1000033.992,1802679.147,0.95,1.06,0.99,1.09,1.11,1.41,1.01
202001,3.43104E+19,1000033.992,1802879.147,3.02,3.39,3,3.44,3.34,3.3,2.37
202001,3.43104E+19,1000033.992,1802929.147,3.05,3.43,3.05,3.5,3.37,3.3,2.37
202001,3.43104E+19,1000033.992,1802979.147,2.84,3.2,2.83,3.25,3.13,3,2.15
202001,3.43104E+19,1000033.992,1803029.147,0.23,0.25,0.19,0.25,0.21,0.04,0.02
202001,3.43104E+19,1000033.992,1803079.147,0.11,0.11,0.09,0.11,0.09,0,0
202001,3.43104E+19,1000033.992,1803129.147,0.11,0.11,0.09,0.11,0.09,0,0
202001,3.33304E+19,1000033.992,1806729.147,0.04,0.04,0.04,0.04,0.04,0,0
202001,3.33304E+19,1000033.992,1806779.147,0.16,0.16,0.12,0.16,0.12,0,0
202001,3.33304E+19,1000033.992,1806829.147,0.16,0.16,0.12,0.16,0.12,0,0
202001,3.33304E+19,1000033.992,1806929.147,0.16,0.16,0.12,0.16,0.12,0,0
202001,3.33304E+19,1000033.992,1808479.147,107.71,104.47,105.33,107.84,126.84,180.92,130.53
202001,3.33304E+19,1000033.992,1808529.147,107.45,104.22,105.05,107.59,126.48,180.27,130.07
202001,3.33304E+19,1000033.992,1808679.147,6.04,5.69,6.39,7.15,7.68,10.29,6.82
202001,2.50107E+19,1000033.992,1816379.147,7.89,7.13,7.49,7.75,9.02,12.27,10.29
202001,2.50107E+19,1000033.992,1816779.147,14.51,11.21,12.7,11.37,15.65,35.26,31.78
202001,2.50107E+19,1000033.992,1817079.147,8.48,7.12,5.44,7.47,6.15,0.34,0.28
202001,2.50107E+19,1000033.992,1817129.147,14.59,12.03,9.04,12.52,10.37,0.6,0.53
202001,2.50107E+19,1000033.992,1817179.147,21.24,17.73,16.19,18.54,19.76,21.12,18.35
202001,2.50107E+19,1000033.992,1817529.147,0.18,0.16,0.18,0.18,0.18,0.34,0.28
202001,2.50107E+19,1000033.992,1817679.147,3.23,2.74,3.53,3.46,3.51,5.35,5.56
202001,2.50107E+19,1000033.992,1817979.147,0.04,0.02,0.02,0.02,0.02,0,0
202001,2.50107E+19,1000033.992,1818029.147,0.09,0.07,0.05,0.07,0.05,0,0
202001,2.50107E+19,1000033.992,1818079.147,0.23,0.21,0.16,0.23,0.18,0.02,0.02
202001,2.50107E+19,1000033.992,1818129.147,4.57,4.26,4.71,4.34,4.8,9.46,8.28
202001,2.50107E+19,1000033.992,1818179.147,6.75,6.06,6.82,6.53,7.03,14.83,12.03
202001,2.50107E+19,1000033.992,1818229.147,10.82,9.73,10.63,10.51,10.98,21.83,17.71
202001,2.50107E+19,1000033.992,1818279.147,10.86,9.75,10.65,10.52,11.02,21.83,17.71
202001,2.50107E+19,1000033.992,1818329.147,7.65,7.13,7.59,7.28,7.75,13.95,12.2
202001,2.50107E+19,1000033.992,1818379.147,6.99,6.29,6.99,6.78,7.2,14.83,12.04
202001,3.30414E+19,1000033.992,1833279.147,0.57,0.44,0.64,0.55,0.65,1.08,1.22
202001,3.30414E+19,1000033.992,1833479.147,0.02,0.02,0,0.02,0.02,0,0
202001,3.30414E+19,1000033.992,1833629.147,0.02,0.02,0,0.02,0.02,0,0
202001,3.30414E+19,1000033.992,1834829.147,0.49,0.35,0.53,0.39,0.42,0.79,0.87
202001,3.30414E+19,1000033.992,1834879.147,0.53,0.46,0.85,0.57,0.71,1.61,1.73
202001,3.30414E+19,1000033.992,1834929.147,0.81,0.74,1.25,0.9,1.17,2.3,2.26
202001,3.30414E+19,1000033.992,1834979.147,0.74,0.67,1.09,0.83,1.08,2.1,2.01
202001,3.30414E+19,1000033.992,1835029.147,0.23,0.21,0.39,0.25,0.34,0.79,0.79
202001,3.30414E+19,1000033.992,1835079.147,0.07,0.07,0.11,0.09,0.11,0.18,0.18
202001,3.30414E+19,1000033.992,1835129.147,0.16,0.18,0.25,0.19,0.23,0.39,0.41
202001,3.30414E+19,1000033.992,1835229.147,0.02,0.02,0.02,0.02,0.02,0.02,0.02
202001,3.30414E+19,1000033.992,1835279.147,0.74,0.79,1.08,0.88,0.99,1.54,1.57
202001,3.30414E+19,1000033.992,1835329.147,12.4,13.33,15.31,14.76,14.78,16.23,16.63
202001,3.30414E+19,1000033.992,1835379.147,8.42,8.9,10.97,9.76,10.51,13.83,14
202001,3.30414E+19,1000033.992,1835429.147,3.67,3.96,5.14,4.38,4.8,6.99,7.17
202001,3.30414E+19,1000033.992,1835479.147,33.21,30.74,41.32,33.46,38.34,65.35,65.44
202001,3.30414E+19,1000033.992,1835529.147,18.1,16.95,20.84,18.1,20.5,33.43,32.3
202001,3.30414E+19,1000033.992,1835579.147,2.98,2.81,3.37,2.98,3.34,5.23,5.05
202001,3.30414E+19,1000033.992,1835629.147,0.14,0.12,0.14,0.14,0.14,0.23,0.21
202001,3.30414E+19,1000033.992,1835679.147,0.05,0.05,0.07,0.07,0.07,0.11,0.11
202001,3.30414E+19,1000033.992,1835729.147,0.02,0.02,0.02,0.02,0.02,0.04,0.02
202001,3.30414E+19,1000033.992,1835879.147,0.3,0.28,0.32,0.32,0.34,0.48,0.42
202001,3.30414E+19,1000033.992,1835929.147,3.87,3.48,4.03,3.67,4.01,6.11,5.9
202001,3.30414E+19,1000033.992,1835979.147,1.78,1.68,1.98,1.98,2.31,2.86,2.51
202001,3.30414E+19,1000033.992,1836029.147,43.16,40.7,50.36,47.91,58.89,80.08,70.19
202001,3.30414E+19,1000033.992,1836079.147,14.69,13.86,16.65,16.12,19.14,25.53,22.41
202001,3.30414E+19,1000033.992,1836179.147,16.19,15.24,19,18.19,22.5,29.21,25.46
202001,3.30414E+19,1000033.992,1836229.147,3.02,3.3,4.1,3.67,3.81,5.12,5.14
202001,3.30414E+19,1000033.992,1836329.147,2.53,2.38,2.79,2.7,3.13,4.59,4.08
202001,3.30414E+19,1000033.992,1836529.147,0.07,0.05,0.09,0.07,0.11,0.16,0.14
202001,3.30414E+19,1000033.992,1836979.147,4.01,3.57,4.11,4.31,5.51,5.58,4.94
202001,3.30414E+19,1000033.992,1837029.147,13.46,14.37,14.36,14.43,14.89,14.21,11.44
202001,3.30414E+19,1000033.992,1837079.147,4.2,4.31,3.71,4.59,3.87,2.05,1.18
202001,3.30414E+19,1000033.992,1837129.147,2.35,2.47,2.33,2.61,2.42,2.58,1.59
202001,3.30414E+19,1000033.992,1837179.147,14.43,14.85,14.32,15.68,15.06,18.72,11.81
202001,3.30414E+19,1000033.992,1837229.147,21.12,20.31,20.52,22.5,22.8,34.56,21.95
202001,3.30414E+19,1000033.992,1837279.147,1.71,1.5,1.31,1.77,1.38,0.04,0.04
202001,3.30414E+19,1000033.992,1837329.147,1.5,1.32,1.2,1.64,1.25,0.05,0.04
202001,3.30414E+19,1000033.992,1837379.147,2.67,2.35,2.03,2.75,2.15,0.07,0.07
202001,3.30414E+19,1000033.992,1837429.147,1.43,1.27,1.15,1.57,1.2,0.05,0.04
202001,3.30414E+19,1000033.992,1837529.147,0.02,0.02,0,0.02,0.02,0,0
202001,3.30414E+19,1000033.992,1837629.147,1.15,0.99,1.18,1.15,1.36,2.03,1.8
202001,3.30414E+19,1000033.992,1837679.147,2.49,2.14,2.56,2.47,2.93,4.4,3.88
202001,3.30414E+19,1000033.992,1837729.147,1.91,1.64,1.96,1.91,2.26,3.37,2.98
202001,3.30414E+19,1000033.992,1837779.147,0.95,0.81,0.99,0.95,1.13,1.7,1.5
202001,3.30414E+19,1000033.992,1837879.147,0.44,0.42,0.34,0.41,0.34,0.02,0.02
202001,3.30414E+19,1000033.992,1838029.147,0.14,0.12,0.11,0.14,0.11,0,0
202001,3.30414E+19,1000033.992,1838229.147,0.6,0.57,0.57,0.62,0.62,0.55,0.49
202001,3.30414E+19,1000033.992,1838329.147,0.79,0.72,0.83,0.81,0.87,1.08,0.97
202001,3.30414E+19,1000033.992,1838779.147,0.07,0.05,0.05,0.07,0.05,0,0
202001,3.30414E+19,1000033.992,1838829.147,0.05,0.05,0.04,0.05,0.04,0,0
202001,3.30414E+19,1000033.992,1838879.147,0.14,0.14,0.11,0.14,0.12,0,0
202001,3.30414E+19,1000033.992,1838929.147,0.32,0.28,0.25,0.32,0.26,0.02,0.02
202001,3.30414E+19,1000033.992,1838979.147,1.75,1.61,1.77,1.82,2.15,2.22,1.96
202001,3.30414E+19,1000033.992,1839029.147,10.37,9.18,9.91,11.02,12.54,11.09,9.76
202001,3.30414E+19,1000033.992,1839079.147,0.42,0.37,0.42,0.42,0.46,0.62,0.55
202001,3.30414E+19,1000033.992,1839129.147,19.49,18.96,21.91,21.67,25.09,37.63,26.05
202001,3.30414E+19,1000033.992,1839179.147,11.51,10.58,12.47,12.03,15.1,19.49,17.18
202001,3.30413E+19,1000033.992,1839229.147,0.69,0.64,0.69,0.72,0.81,0.92,0.78
202001,3.30413E+19,1000033.992,1839279.147,2.58,2.44,2.79,2.63,3.05,4.1,3.71
202001,3.30413E+19,1000033.992,1839329.147,0.69,0.62,0.76,0.67,0.79,1.48,1.27
202001,3.30413E+19,1000033.992,1839379.147,142.78,133.9,153.15,144.94,167.22,245.55,202.89
202001,3.30413E+19,1000033.992,1839429.147,268.97,247.25,282.49,266.71,313.55,456.46,368.38
202001,3.30413E+19,1000033.992,1839479.147,12.94,12.04,14.55,13.07,15.8,26.29,21.84
202001,3.30413E+19,1000033.992,1839629.147,0.49,0.48,0.51,0.51,0.57,0.65,0.6
202001,3.30413E+19,1000033.992,1839779.147,0.32,0.3,0.32,0.32,0.34,0.39,0.35
202001,3.30413E+19,1000033.992,1839879.147,0.02,0.02,0.02,0.02,0.04,0.04,0.02
202001,3.30413E+19,1000033.992,1839929.147,0.02,0.02,0.02,0.02,0.02,0.02,0.02
202001,3.30413E+19,1000033.992,1840579.147,0.02,0.02,0.79,0.02,1.02,4.33,2.93
202001,3.30413E+19,1000033.992,1840779.147,0.21,0.23,0.25,0.23,0.25,0.23,0.18
202001,3.30413E+19,1000033.992,1841429.147,0.04,0.04,0.02,0.04,0.02,0,0
202001,3.30413E+19,1000033.992,1841979.147,0.05,0.05,0.04,0.05,0.05,0,0
202001,3.30413E+19,1000033.992,1842579.147,0.02,0.02,0.02,0.02,0.02,0,0
202001,3.30413E+19,1000033.992,1842779.147,0.34,0.34,0.26,0.35,0.28,0,0
202001,3.30413E+19,1000033.992,1842879.147,0.11,0.11,0.09,0.11,0.09,0,0
202001,3.30413E+19,1000033.992,1842979.147,0.14,0.14,0.11,0.14,0.12,0,0
202001,3.30413E+19,1000033.992,1843079.147,0.09,0.09,0.07,0.09,0.07,0,0
202001,3.30413E+19,1000033.992,1843129.147,0.05,0.05,0.05,0.07,0.05,0,0
202001,3.30413E+19,1000033.992,1843179.147,0.02,0.02,0.02,0.04,0.02,0,0
202001,3.30416E+19,1000033.992,1843429.147,0.02,0.02,0.02,0.02,0.02,0,0
202001,3.30416E+19,1000033.992,1843479.147,0.18,0.19,0.16,0.21,0.16,0,0
202001,3.30416E+19,1000033.992,1843529.147,0.05,0.05,0.04,0.05,0.05,0,0
202001,3.30416E+19,1000033.992,1843729.147,0.12,0.12,0.11,0.14,0.11,0,0
202001,3.30416E+19,1000033.992,1843779.147,0.12,0.12,0.11,0.14,0.11,0,0
202001,3.30416E+19,1000033.992,1844129.147,0.02,0.02,0.02,0.02,0.02,0,0
202001,3.30416E+19,1000033.992,1844279.147,1.5,1.57,1.57,1.64,1.7,1.36,1.17
202001,3.30416E+19,1000033.992,1844329.147,9.62,10.35,9.16,10.47,9.99,6.39,6.02
202001,3.30416E+19,1000033.992,1844379.147,9.82,9.71,8.85,10.14,9.08,4.7,4.2
202001,3.30416E+19,1000033.992,1844429.147,26.73,26.19,25.02,28.18,25.45,16.03,14.99
202001,3.30416E+19,1000033.992,1844479.147,2.33,2.47,2.37,2.51,2.53,2.37,2.12
202001,3.30416E+19,1000033.992,1844529.147,12.71,13.1,13.28,13.72,13.4,12.2,11.5
202001,3.30416E+19,1000033.992,1844579.147,44.82,45.05,45.95,47.16,47.55,50.66,46.85
202001,3.30416E+19,1000033.992,1844629.147,7.17,7.36,7.26,7.49,7.49,6.83,6.02
202001,3.30416E+19,1000033.992,1844679.147,4.06,4.26,4.1,4.4,4.34,4.04,3.48
202001,3.30416E+19,1000033.992,1844729.147,0.41,0.42,0.41,0.42,0.42,0.39,0.34
202001,3.30416E+19,1000033.992,1844779.147,3.78,3.73,2.98,3.76,3.05,0.11,0.11
202001,3.30416E+19,1000033.992,1844829.147,1.18,1.17,0.94,1.2,0.97,0.04,0.04
202001,3.30416E+19,1000033.992,1844879.147,1.54,1.52,1.57,1.54,1.57,1.73,1.75
202001,3.30416E+19,1000033.992,1844929.147,2.58,2.54,2.83,2.58,2.83,3.83,3.8
202001,3.30416E+19,1000033.992,1844979.147,309.95,303.75,309.46,308.88,310.31,316.64,319.4
202001,3.30416E+19,1000033.992,1845029.147,579.27,564.25,573.02,571.73,570.97,582.82,596
202001,3.30416E+19,1000033.992,1845079.147,9.66,9.45,9.91,9.61,9.89,11.23,11.42
202001,3.30416E+19,1000033.992,1845129.147,29.49,29.01,30.83,29.77,31.01,36.36,36.41
202001,3.30416E+19,1000033.992,1845179.147,10.91,11.14,11.57,11.74,12.27,14.06,12.61
202001,3.30416E+19,1000033.992,1845229.147,11.99,12.11,12.38,13.03,13.05,13.51,11.83
202001,3.30416E+19,1000033.992,1845279.147,14.5,14.6,14.59,15.45,15.49,15.1,13.61
202001,3.30416E+19,1000033.992,1845329.147,462.52,477.67,477.85,504.3,500.15,487.84,426.85
202001,3.30416E+19,1000033.992,1845379.147,297.29,313.63,324.93,335.54,344.86,372.43,319.17
202001,3.30416E+19,1000033.992,1845429.147,254.1,262.79,277.23,281.05,299.25,347.58,300.33
202001,3.30416E+19,1000033.992,1845479.147,204.92,207.54,211,218.93,237.5,285.58,236.67
202001,3.30416E+19,1000033.992,1845529.147,435.64,452.86,453.07,477.47,492.54,494.92,423.07
202001,3.30416E+19,1000033.992,1845579.147,54.46,57.53,55.08,59.75,58.06,52.29,44.89
202001,3.30416E+19,1000033.992,1845629.147,33.09,35.74,33.73,36.73,35.16,28.78,24.72
202001,3.30416E+19,1000033.992,1845679.147,58.04,62.44,60.39,63.96,62.67,58.52,50.04
202001,3.30416E+19,1000033.992,1845729.147,100.21,104.25,102.91,108.84,108.16,108.33,94.01
202001,3.30416E+19,1000033.992,1845779.147,106.53,111.26,109.99,114.83,114.78,115.4,101.6
202001,3.30416E+19,1000033.992,1845829.147,75.29,78.84,75.79,80.82,78.33,70.26,62.02
202001,3.30416E+19,1000033.992,1845879.147,56.77,60.27,57.11,64.54,62.53,52.78,44.27
202001,3.30416E+19,1000033.992,1845929.147,103.74,110.84,107.84,117.2,117.97,113.19,95.76
202001,3.30416E+19,1000033.992,1845979.147,199.11,214.79,219.95,224.52,228.81,244.37,207.61
202001,3.30416E+19,1000033.992,1846029.147,400.72,423.11,414.65,436.58,439.74,464.62,394.25
202001,3.30416E+19,1000033.992,1846079.147,304.44,328.33,317.25,349.56,352.95,327.42,273.89
202001,3.30416E+19,1000033.992,1846129.147,424.8,450.02,438.66,475.74,484.17,482.97,401.1
202001,3.30416E+19,1000033.992,1846179.147,271.48,289.88,283.32,302.15,300.95,311.51,264.66
202001,3.30416E+19,1000033.992,1846229.147,296.41,317.07,310.25,327.43,327.52,341.07,290.63
202001,3.30416E+19,1000033.992,1846279.147,27.85,29.15,29.61,31.29,31.25,32.91,28.64
202001,3.30416E+19,1000033.992,1846329.147,322.91,342.39,341.51,361.34,359.38,357.66,303.14
202001,3.30415E+19,1000033.992,1846379.147,57.02,60.27,57.51,62.72,61.19,58.5,48.65
202001,3.30415E+19,1000033.992,1846429.147,45.05,48.49,46.14,49.67,49.07,47.16,38.64
202001,3.30415E+19,1000033.992,1846479.147,33.74,35.62,33.69,37.13,36.06,32.21,27.16
202001,3.30415E+19,1000033.992,1846529.147,67.05,70.56,66.08,73.19,70.26,58.87,50.15
202001,3.30415E+19,1000033.992,1846579.147,38.05,40.67,38.16,42.17,40.72,34.24,28.48
202001,3.30415E+19,1000033.992,1846629.147,31.13,33.07,31.45,38.76,38.95,30.73,25.5
202001,3.30415E+19,1000033.992,1846679.147,63.36,64.79,63.06,66.68,67.44,64.54,59.4
202001,3.30415E+19,1000033.992,1846729.147,59.97,60.81,60.87,62.77,64.15,62.85,57.67
202001,3.30415E+19,1000033.992,1846779.147,41.73,41.67,39.4,43.46,41.16,28.45,26.59
202001,3.30415E+19,1000033.992,1846829.147,35.55,35.78,33.36,37.19,34.95,22.97,21.33
202001,3.30415E+19,1000033.992,1846879.147,9.66,9.82,9.92,10.21,10.29,9.82,8.93
202001,3.30415E+19,1000033.992,1846929.147,10.98,11.14,10.77,11.18,11.37,10.59,10.08
202001,3.30415E+19,1000033.992,1846979.147,2.77,2.84,2.75,2.84,2.84,2.68,2.53
202001,3.30415E+19,1000033.992,1847029.147,0.94,1.02,0.99,1.01,1.02,0.99,0.9
202001,3.30415E+19,1000033.992,1847129.147,0.26,0.28,0.25,0.28,0.26,0.14,0.11
202001,3.30416E+19,1000033.992,1847179.147,0.34,0.37,0.32,0.37,0.32,0.12,0.11
202001,3.30416E+19,1000033.992,1847229.147,1.06,1.13,0.95,1.15,0.99,0.34,0.28
202001,3.30416E+19,1000033.992,1847279.147,4.04,4.22,4.04,4.45,4.59,4.36,3.48
202001,3.30416E+19,1000033.992,1847329.147,4.61,4.91,4.84,5.01,5.12,5.24,4.4
202001,3.30416E+19,1000033.992,1847379.147,113.47,121.19,120.6,127.39,128.32,126.77,106.27
202001,3.30416E+19,1000033.992,1847429.147,59.79,63.2,62.16,64.66,66.39,67.98,55.22
202001,3.30416E+19,1000033.992,1847479.147,59.01,61.96,62,63.87,65.33,67.37,53.95
202001,3.30416E+19,1000033.992,1847529.147,7.01,7.36,7.2,7.58,7.65,7.4,5.99
202001,3.30416E+19,1000033.992,1847579.147,6.96,7.29,7.08,7.47,7.5,6.94,5.53
202001,3.30416E+19,1000033.992,1847629.147,9.61,10.08,9.84,10.37,10.35,9.5,7.75
202001,3.30416E+19,1000033.992,1847679.147,35.39,37.01,36.83,37.79,39.02,41.3,33.32
202001,3.30416E+19,1000033.992,1847729.147,19.94,20.96,21.07,21.47,22.23,23.75,19
202001,3.30416E+19,1000033.992,1847779.147,47.38,50.25,49.74,52.04,52.27,52.9,42.33
202001,3.30415E+19,1000033.992,1847829.147,49.46,52.2,50.31,53.47,52.92,47.18,38.12
202001,3.30415E+19,1000033.992,1847879.147,17.45,18.47,17.98,18.7,19,17.76,14.13
202001,3.30415E+19,1000033.992,1847929.147,22.58,24.05,23.68,24.93,24.95,23.4,18.61
202001,3.30415E+19,1000033.992,1847979.147,25.98,27.86,26.5,28.54,27.58,22.23,17.73
202001,3.30415E+19,1000033.992,1848029.147,15.47,16.37,16.32,16.9,17.11,17.38,14.06
202001,3.30415E+19,1000033.992,1848079.147,52.13,55.23,51.37,56.03,54.39,42.03,33.37
202001,3.30415E+19,1000033.992,1848129.147,86.37,91.63,88.29,91.79,92.79,86.93,69.18
202001,3.30415E+19,1000033.992,1848179.147,76,79.85,79.66,81.4,84.53,83.03,66.5
202001,3.30415E+19,1000033.992,1848229.147,63.64,66.5,65.51,67.97,69.64,65.37,52.5
202001,3.30415E+19,1000033.992,1848279.147,165.3,172.52,169.96,178.88,182.25,174.51,143.7
202001,3.30415E+19,1000033.992,1848329.147,50.15,51.72,52.66,55.23,55.15,53.01,43.86
202001,3.30415E+19,1000033.992,1848379.147,20.2,20.94,21.9,22.13,23.11,24.26,19.72
202001,3.30415E+19,1000033.992,1848429.147,5.33,5.42,5.49,5.77,5.9,5.54,4.56
202001,3.30416E+19,1000033.992,1848479.147,18.15,18.72,19.55,19.83,20.22,19.83,17.2
202001,3.30416E+19,1000033.992,1848529.147,3.55,3.9,4.11,4.17,4.11,3.87,3.25
202001,3.30416E+19,1000033.992,1848579.147,3.02,3.25,3.32,3.51,3.43,3.36,2.81
202001,3.30416E+19,1000033.992,1848629.147,2.51,2.65,2.74,2.83,2.81,2.86,2.38
202001,3.30416E+19,1000033.992,1848679.147,12.5,13.3,13.53,14.2,14.06,13.99,11.42
202001,3.30416E+19,1000033.992,1848729.147,13.69,14.51,14.27,15.1,14.67,13.93,11.62
202001,3.30416E+19,1000033.992,1848779.147,11.62,12.41,12.2,12.82,12.45,11.85,9.92
202001,3.30416E+19,1000033.992,1848829.147,0.76,0.81,0.76,0.81,0.76,0.65,0.55
202001,3.30416E+19,1000033.992,1848929.147,1.92,2.22,1.96,2.14,2.14,2.22,1.68
202001,3.30415E+19,1000033.992,1849179.147,0.34,0.34,0.35,0.34,0.32,0.25,0.28
202001,3.30415E+19,1000033.992,1849329.147,5.3,5.4,5.47,5.56,5.12,3.6,4.11
202001,3.30415E+19,1000033.992,1849529.147,3.71,2.72,3.37,3.25,3.62,4.01,4.66
202001,3.30415E+19,1000033.992,1849579.147,2.53,1.84,2.44,2.21,2.49,3.39,3.96
202001,3.30445E+19,1000033.992,1850279.147,44.39,43.54,42.59,41.76,40.23,29.7,23.96
202001,3.30445E+19,1000033.992,1850929.147,7.93,7.98,8.09,7.72,7.75,4.38,3.66
202001,3.30445E+19,1000033.992,1850979.147,19.35,18.63,19.09,16.3,19.34,14.99,14.51
202001,3.30445E+19,1000033.992,1851029.147,6.22,6.5,6.2,6,6.87,5.74,4.91
202001,3.30445E+19,1000033.992,1851079.147,13.21,12.64,12.75,10.97,14.23,16.19,15.87
202001,3.30445E+19,1000033.992,1851129.147,4.43,4.52,4.7,4.49,5.21,5.33,4.18
202001,3.30445E+19,1000033.992,1851179.147,1.89,1.85,2.19,1.68,1.55,1.68,1.66
202001,3.30445E+19,1000033.992,1851229.147,9.62,9.76,11.9,10.28,10.49,11.6,10.47
202001,3.30445E+19,1000033.992,1851279.147,4.82,5.32,7.35,5.26,5.46,5.58,6.22
202001,3.30445E+19,1000033.992,1851329.147,1.75,1.84,2.93,2.1,2.07,2.56,2.93
202001,3.30445E+19,1000033.992,1851379.147,23.03,24.28,25.78,24.53,26.35,26.75,24.23
202001,3.30445E+19,1000033.992,1851429.147,43.79,46.18,47.48,46.6,50.98,53.87,50.1
202001,3.30445E+19,1000033.992,1851479.147,9.11,9.61,8.9,9.22,10.05,9.91,8
202001,3.30445E+19,1000033.992,1851529.147,1.68,1.77,2.79,2.01,1.96,2.35,2.7
202001,3.30445E+19,1000033.992,1851629.147,1.64,1.73,2.65,2,1.85,1.82,2.08
202001,3.30445E+19,1000033.992,1851679.147,6.67,6.71,7.7,7.66,7.86,8.02,7.06
202001,3.30446E+19,1000033.992,1851729.147,54.62,56.44,59.97,61.66,64.79,68.64,60.67
202001,3.30446E+19,1000033.992,1851779.147,58.22,60.41,63.89,65.58,68.83,72.06,63.64
202001,3.30446E+19,1000033.992,1851829.147,34.27,36.83,36.98,39.06,41.28,41.36,36.46
202001,3.30446E+19,1000033.992,1851879.147,57.67,61.8,62.4,65.72,69.4,71.76,62.49
202001,3.30446E+19,1000033.992,1851929.147,57.35,61.63,60.9,65.07,68.32,69.38,60.07
202001,3.30446E+19,1000033.992,1851979.147,44.71,48.33,47.13,51.26,53.52,50.52,43.85
202001,3.30446E+19,1000033.992,1852029.147,9.62,10.42,9.92,10.95,11.02,9.13,8.23
202001,3.30446E+19,1000033.992,1852079.147,3.02,3.32,3.11,3.41,3.41,2.72,2.51
202001,3.30446E+19,1000033.992,1852129.147,68.46,73.23,69.93,76.97,77.71,61.96,54.3
202001,3.30446E+19,1000033.992,1852179.147,169.62,181.88,173.95,186.42,186.08,149.41,138.4
202001,3.30446E+19,1000033.992,1852229.147,166.27,172.13,170.93,176.67,175.75,152.3,137.24
202001,3.30446E+19,1000033.992,1852279.147,62.72,66.87,63.37,68.9,68.3,56.97,49.69
202001,3.30446E+19,1000033.992,1852329.147,187.46,194.12,192.9,197.03,197.03,175.45,159.33
202001,3.30446E+19,1000033.992,1852379.147,83.24,87.2,85.09,89.54,87.55,75.66,68.92
202001,3.30445E+19,1000033.992,1852429.147,35.83,38.05,36.98,39.11,37.4,28.59,25.34
202001,3.30445E+19,1000033.992,1852479.147,12.4,12.96,12.4,13.44,12.71,8.79,7.91
202001,3.30445E+19,1000033.992,1852529.147,3.28,3.44,3.41,3.57,3.48,2.98,2.67
202001,3.30445E+19,1000033.992,1852579.147,3.53,3.73,3.74,3.83,3.85,3.67,3.27
202001,3.30445E+19,1000033.992,1852629.147,0.74,0.78,0.76,0.79,0.78,0.65,0.58
202001,3.30445E+19,1000033.992,1852679.147,19.69,20.82,21.65,21.42,22.48,25.04,22.28
202001,3.30445E+19,1000033.992,1852729.147,32.51,33.78,34.66,34.77,36.59,42.11,36.91
202001,3.30445E+19,1000033.992,1852779.147,41.64,43.49,44.71,45.12,46.69,53.4,46.02
202001,3.30445E+19,1000033.992,1852829.147,47.27,49.8,50.13,51.35,52.14,54.88,47.11
202001,3.30445E+19,1000033.992,1852879.147,26.63,27.95,27.99,29.49,28.98,30.39,25.57
202001,3.30445E+19,1000033.992,1852929.147,330.95,349.24,322.33,367.96,329.96,221.63,204.69
202001,3.30445E+19,1000033.992,1852979.147,613.46,659.87,608.16,687.09,626.3,475.27,398.72
202001,3.30445E+19,1000033.992,1853029.147,630.04,674.59,622.78,701.64,643.34,479.75,402.89
202001,3.30445E+19,1000033.992,1853079.147,137.61,147.53,133.87,154.83,138.49,91.05,76.12
202001,3.30445E+19,1000033.992,1853129.147,11.28,11.92,12.22,12.55,13.19,17.73,14.13
202001,3.30445E+19,1000033.992,1853179.147,7.66,7.91,7.91,8.07,8.19,10.22,8.46
202001,3.30445E+19,1000033.992,1853229.147,2.61,2.75,2.74,2.9,2.98,3.51,2.79
202001,3.30445E+19,1000033.992,1853279.147,1.77,1.82,1.73,1.92,1.89,1.87,1.47
202001,3.30445E+19,1000033.992,1853329.147,2.26,2.33,2.22,2.49,2.42,2.4,1.87
202001,3.30445E+19,1000033.992,1853379.147,3.66,3.76,3.58,3.99,3.9,3.88,3.02
202001,3.30445E+19,1000033.992,1853429.147,3.14,3.3,3.25,3.58,3.46,3.37,2.63
202001,3.30445E+19,1000033.992,1853479.147,40.23,42.22,41.99,45.93,44.83,46.41,36.29
202001,3.30445E+19,1000033.992,1853529.147,42.49,44.6,44.45,48.54,47.29,48.95,38.3
202001,3.30445E+19,1000033.992,1853579.147,116.88,123.52,118.52,130.19,132.14,132.03,93.82
202001,3.30445E+19,1000033.992,1853629.147,184.16,193.32,191.1,204.23,207.16,200.68,155.11
202001,3.30445E+19,1000033.992,1853679.147,124.93,131.84,126.73,139.64,142.94,141.97,101.69
202001,3.30445E+19,1000033.992,1853729.147,91.12,96.8,92.97,101.82,104.34,104.09,75.74
202001,3.30445E+19,1000033.992,1853779.147,4.71,5.24,4.94,5.53,5.26,6.62,4.41
202001,3.30441E+19,1000033.992,1854129.147,0.25,0.32,0.25,0.28,0.25,0.07,0.05
202001,3.30441E+19,1000033.992,1854179.147,1.2,1.36,1.15,1.36,1.22,0.28,0.19
202001,3.30441E+19,1000033.992,1854229.147,2.56,3.18,2.58,2.88,2.58,1.73,1.24
202001,3.30441E+19,1000033.992,1854429.147,0.41,0.57,0.64,0.67,0.69,0.55,0.39
202001,3.30441E+19,1000033.992,1854579.147,26.5,29.08,27.44,30.3,28.27,26.59,19.74
202001,3.30445E+19,1000033.992,1854629.147,28.48,31.29,29.58,32.6,30.39,28.82,21.56
202001,3.30445E+19,1000033.992,1854679.147,29.68,34.77,30.2,32.83,32.95,33.37,24.14
202001,3.30445E+19,1000033.992,1854729.147,4.4,4.89,4.75,5.05,4.7,5.01,4.1
202001,3.30445E+19,1000033.992,1854779.147,64.96,73,66.92,73.42,70.39,68.5,50.34
202001,3.30441E+19,1000033.992,1854829.147,24.86,27.28,25.76,28.43,26.56,25.11,18.63
202001,3.30441E+19,1000033.992,1854879.147,12.91,14.16,13.33,14.76,13.74,12.78,9.48
202001,3.30441E+19,1000033.992,1855029.147,0.46,0.51,0.41,0.51,0.42,0.02,0.02
202001,3.30441E+19,1000033.992,1855079.147,0.12,0.16,0.11,0.14,0.12,0,0
202001,3.30441E+19,1000033.992,1855179.147,19.99,21.93,22.78,22.85,23.52,34.87,25.89
202001,3.30441E+19,1000033.992,1855279.147,97.26,106.69,113.82,111.19,117.59,190.74,141.55
202001,3.30441E+19,1000033.992,1855529.147,12.33,13.77,12.03,13.6,13.53,10.86,8.46
202001,3.30441E+19,1000033.992,1855579.147,6.69,7.47,6.82,7.42,7.7,8,6.2
202001,3.30441E+19,1000033.992,1855629.147,0.81,0.88,0.9,1.04,0.97,0.71,0.55
202001,3.30441E+19,1000033.992,1855679.147,0.04,0.04,0.04,0.04,0.04,0,0
202001,3.30441E+19,1000033.992,1855829.147,1.39,1.57,1.29,1.75,1.48,0.04,0.04
202001,3.30441E+19,1000033.992,1856029.147,2.4,2.58,2.61,3.07,2.81,1.75,1.36
202001,3.30441E+19,1000033.992,1856079.147,0.64,0.67,0.71,0.81,0.76,0.55,0.42
202001,3.30441E+19,1000033.992,1856179.147,0.44,0.48,0.44,0.57,0.46,0.02,0
202001,3.30441E+19,1000033.992,1856429.147,0.32,0.32,0.28,0.35,0.32,0.02,0.02
202001,3.30441E+19,1000033.992,1856479.147,0.09,0.09,0.07,0.11,0.09,0,0
202001,3.30441E+19,1000033.992,1856529.147,1.17,1.31,1.13,1.24,0.97,0.02,0.04
202001,3.30441E+19,1000033.992,1856629.147,16.39,16.63,16.03,17.83,17.15,10.24,11.5
202001,3.30445E+19,1000033.992,1856679.147,18.29,17.94,18.17,20.09,20.5,17.15,18.81
202001,3.30445E+19,1000033.992,1856829.147,6.96,7.95,6.52,8.9,7.31,2.84,2.91
202001,3.30445E+19,1000033.992,1856929.147,22.62,25.99,23.61,28.01,24.24,13.35,12.96
202001,3.30445E+19,1000033.992,1856979.147,21.03,24.17,22,26.05,22.58,12.71,12.34
202001,3.30445E+19,1000033.992,1857029.147,3.5,3.99,3.3,4.47,3.69,1.57,1.61
202001,3.30441E+19,1000033.992,1857229.147,0.02,0.02,0.02,0.02,0.02,0,0
202001,3.30441E+19,1000033.992,1857279.147,0.02,0.02,0.02,0.02,0.02,0,0
202001,3.30441E+19,1000033.992,1858079.147,2.17,2.21,2.1,2.42,2.21,1.66,1.31
202001,3.30441E+19,1000033.992,1858529.147,3.2,3.27,3.27,3.5,3.58,3.41,2.47
202001,3.30441E+19,1000033.992,1858579.147,6.23,6.2,6.32,6.92,6.94,7.17,5.21
202001,3.30441E+19,1000033.992,1858729.147,15.59,15.95,16.07,17.11,17.68,17.69,12.8
202001,3.30441E+19,1000033.992,1858779.147,4.27,4.26,4.34,4.84,4.84,5.07,3.28
202001,3.30441E+19,1000033.992,1859129.147,0.05,0.05,0.05,0.05,0.05,0,0
202001,3.30441E+19,1000033.992,1859179.147,0.05,0.05,0.05,0.05,0.05,0,0
202001,3.30441E+19,1000033.992,1859229.147,3.99,4.15,4.41,4.33,4.86,5.88,4.56
202001,3.30443E+19,1000033.992,1859429.147,2.54,2.53,2.74,2.9,3.07,4.03,2.67
202001,3.30443E+19,1000033.992,1859829.147,0.95,0.92,1.04,1.06,1.2,1.24,1.08
202001,3.30443E+19,1000033.992,1860679.147,0.71,0.76,0.72,0.81,0.83,0.94,0.64
202001,3.30443E+19,1000033.992,1860729.147,0.85,0.92,0.87,0.97,0.99,1.11,0.76
202001,3.30443E+19,1000033.992,1860779.147,0.05,0.07,0.05,0.07,0.05,0.04,0.04
202001,3.30443E+19,1000033.992,1860829.147,0.02,0.04,0.02,0.04,0.02,0.02,0.02
202001,3.30443E+19,1000033.992,1860879.147,0.16,0.19,0.18,0.18,0.18,0.16,0.07
202001,3.30443E+19,1000033.992,1860929.147,1.06,1.17,1.15,1.22,1.2,1.27,0.85
202001,3.30443E+19,1000033.992,1860979.147,37.1,39.24,40.17,41.97,43.21,52.74,36.66
202001,3.30443E+19,1000033.992,1861929.147,0.04,0.04,0.02,0.04,0.02,0,0
202001,3.30441E+19,1000033.992,1863129.147,0.04,0.04,0.04,0.04,0.04,0.04,0.02
202001,3.30441E+19,1000033.992,1863179.147,41.94,41.71,40.65,43.79,49.04,67.17,50.04
202001,3.30441E+19,1000033.992,1863229.147,24.88,24.28,23.22,25.46,28.34,36.89,28.75
202001,3.30441E+19,1000033.992,1863279.147,17.2,17.11,16.48,18.49,19.53,25.67,17.45
202001,3.30441E+19,1000033.992,1863329.147,13.42,13.97,13.03,14.13,15.17,14.23,10.72
202001,3.30441E+19,1000033.992,1863379.147,12.38,12.25,9.82,12.71,11.04,1.73,1.34
202001,3.30441E+19,1000033.992,1863429.147,1.11,1.08,0.83,1.08,0.95,0.14,0.12
202001,3.30441E+19,1000033.992,1863529.147,8.58,8.44,6.75,8.74,7.66,1.38,1.08
202001,3.30441E+19,1000033.992,1863579.147,11.72,11.58,9.55,12.1,10.97,4.2,3.2
202001,3.30441E+19,1000033.992,1863629.147,0.83,0.85,0.69,0.88,0.83,0.35,0.26
202001,3.30441E+19,1000033.992,1864029.147,0.46,0.44,0.42,0.46,0.49,0.62,0.51
202001,3.33503E+19,1000033.992,1864929.147,0.57,0.55,0.44,0.57,0.46,0.04,0.04
202001,3.33503E+19,1000033.992,1866729.147,16.88,15.19,70.12,17.15,172.22,540.57,412.7
202001,3.33503E+19,1000033.992,1867279.147,0.19,0.18,0.16,0.18,0.16,0.02,0.02
202001,3.33503E+19,1000033.992,1867479.147,0.11,0.09,0.07,0.12,0.09,0,0
202001,3.33503E+19,1000033.992,1867579.147,0.02,0.02,0.02,0.04,0.02,0,0
202001,3.33503E+19,1000033.992,1867679.147,13.17,12.03,10.28,13.7,12.43,4.26,3.25
202001,3.33503E+19,1000033.992,1867729.147,0.44,0.41,0.34,0.48,0.39,0.02,0.02
202001,3.33503E+19,1000033.992,1868579.147,0,0,0.37,0,0.28,2.31,3.14
202001,3.33503E+19,1000033.992,1869679.147,14.76,13.44,15.79,17.52,24.58,29.44,25.6
202001,3.33503E+19,1000033.992,1870079.147,1.77,2.12,2.47,2.56,2.37,6.73,10.93
202001,3.33503E+19,1000033.992,1870129.147,1.78,2.14,2.49,2.6,2.38,6.8,11.02
202001,3.33503E+19,1000033.992,1871479.147,0.76,0.78,0.72,0.87,0.83,0.67,0.48
202001,3.33503E+19,1000033.992,1871529.147,2.05,2.08,2.14,2.54,2.37,2.63,1.64
202001,3.33503E+19,1000033.992,1871579.147,1.47,1.59,1.62,1.92,1.78,1.87,1.17
202001,3.33503E+19,1000033.992,1871829.147,241.28,217.53,214.16,260.83,301.6,353.9,273.29
202001,3.33503E+19,1000033.992,1871879.147,63.83,57.51,56.05,71.34,77.02,89.47,67.72
202001,3.33503E+19,1000033.992,1871929.147,41.3,44.37,41.48,46.94,48.26,50.1,32.23
202001,3.33503E+19,1000033.992,1872179.147,36,36.27,35.44,40.42,42.7,47.27,35.32
202001,3.33503E+19,1000033.992,1872229.147,1.31,1.32,1.27,1.5,1.54,1.55,1.15
202001,3.33503E+19,1000033.992,1872279.147,2.26,2.38,2.28,2.58,2.51,2.44,1.59
202001,3.33503E+19,1000033.992,1872329.147,0.94,0.92,0.94,1.13,1.04,1.11,0.69
202001,3.33503E+19,1000033.992,1872629.147,0.28,0.3,0.25,0.3,0.26,0.11,0.07
202001,3.33503E+19,1000033.992,1872679.147,0.12,0.12,0.11,0.14,0.11,0.04,0.02
202001,3.33503E+19,1000033.992,1873429.147,0.83,0.88,0.9,0.9,1.08,1.57,1.08
202001,3.33503E+19,1000033.992,1873479.147,0.81,0.87,0.9,0.88,1.04,1.57,1.04
202001,3.33503E+19,1000033.992,1874679.147,0.34,0.35,0.3,0.37,0.3,0.04,0.02
202001,3.33503E+19,1000033.992,1874729.147,0.12,0.14,0.12,0.14,0.12,0.04,0.02
202001,3.33503E+19,1000033.992,1874879.147,0.34,0.39,0.32,0.39,0.34,0.04,0.02
202001,3.33503E+19,1000033.992,1875129.147,0.23,0.26,0.23,0.26,0.23,0.02,0.02
202001,3.33503E+19,1000033.992,1875179.147,0.48,0.55,0.46,0.57,0.46,0.05,0.04
202001,3.33503E+19,1000033.992,1875229.147,0.48,0.55,0.46,0.57,0.46,0.05,0.04
202001,3.33503E+19,1000033.992,1875279.147,1.17,1.29,1.09,1.34,1.08,0.14,0.09
202001,3.33503E+19,1000033.992,1875329.147,3.97,4.45,3.94,4.49,4.17,2.3,1.48
202001,3.33503E+19,1000033.992,1875429.147,7.1,7.54,7.13,7.42,8.07,6.78,4.84
202001,3.33503E+19,1000033.992,1875679.147,0.07,0.07,0.07,0.07,0.07,0,0
202001,3.33503E+19,1000033.992,1875779.147,0.05,0.05,0.04,0.05,0.04,0,0
202001,3.33503E+19,1000033.992,1876079.147,0.07,0.07,0.05,0.07,0.05,0,0
202001,3.33503E+19,1000033.992,1876129.147,0.02,0.02,0.02,0.02,0.02,0,0
202001,3.33503E+19,1000033.992,1876229.147,0.02,0.02,0.02,0.02,0.02,0,0
202001,3.33503E+19,1000033.992,1876379.147,0.3,0.34,0.26,0.35,0.28,0,0
202001,3.33503E+19,1000033.992,1876429.147,0.28,0.3,0.25,0.32,0.26,0,0
202001,3.33503E+19,1000033.992,1876479.147,0.16,0.18,0.14,0.19,0.16,0,0
202001,3.33503E+19,1000033.992,1876679.147,0.05,0.05,0.04,0.05,0.04,0,0
202001,3.33503E+19,1000033.992,1876729.147,0.09,0.11,0.09,0.11,0.09,0,0
202001,3.33503E+19,1000033.992,1876879.147,1.7,1.84,1.66,1.84,1.77,0.99,0.65
202001,3.33503E+19,1000033.992,1876929.147,0.51,0.55,0.49,0.58,0.53,0.49,0.32
202001,3.33503E+19,1000033.992,1876979.147,4.8,5.14,4.75,5.51,5.14,3.96,2.6
202001,3.33503E+19,1000033.992,1877029.147,1.27,1.36,1.25,1.45,1.32,1.22,0.81
202001,3.33503E+19,1000033.992,1877079.147,0.95,1.01,0.94,1.08,0.99,0.92,0.6
202001,3.33503E+19,1000033.992,1877129.147,5.95,6.62,6.16,6.73,6.55,5.83,4.34
202001,3.33503E+19,1000033.992,1877179.147,2.01,2.3,2.03,2.28,2.08,1.41,1.02
202001,3.33503E+19,1000033.992,1877229.147,1.73,1.94,1.77,1.96,1.82,1.17,0.78
202001,3.33503E+19,1000033.992,1877279.147,1.29,1.45,1.29,1.45,1.32,0.9,0.65
202001,3.33503E+19,1000033.992,1877329.147,1.94,2.15,1.94,2.19,2.01,1.29,0.94
202001,3.33503E+19,1000033.992,1877379.147,4.86,5.42,5.26,5.49,5.67,6.37,4.59
202001,3.33503E+19,1000033.992,1878129.147,2.88,3.21,2.72,3.28,2.65,0.44,0.34
202001,3.33503E+19,1000033.992,1878179.147,4.11,4.59,3.85,4.73,3.76,0.28,0.21
202001,3.33503E+19,1000033.992,1878229.147,4.13,4.68,4.06,4.77,3.81,0.41,0.32
202001,3.33503E+19,1000033.992,1878279.147,0.48,0.57,0.55,0.55,0.44,0.04,0.04
202001,3.33503E+19,1000033.992,1878429.147,0.35,0.39,0.35,0.39,0.37,0.3,0.23
202001,3.33503E+19,1000033.992,1878479.147,0.02,0.02,0.02,0.02,0.02,0,0
202001,3.33503E+19,1000033.992,1879029.147,0.11,0.12,0.11,0.12,0.11,0.05,0.05
202001,3.33503E+19,1000033.992,1879079.147,1.55,1.73,1.64,1.84,1.62,0.9,0.72
202001,3.33503E+19,1000033.992,1879129.147,1.89,2.1,1.94,2.17,2.01,1.25,0.99
202001,3.33503E+19,1000033.992,1879179.147,0.28,0.3,0.28,0.32,0.28,0.14,0.12
202001,3.33503E+19,1000033.992,1879279.147,0.09,0.09,0.09,0.09,0.09,0,0
202001,3.33503E+19,1000033.992,1879329.147,0.09,0.11,0.09,0.11,0.09,0.05,0.04
202001,3.33503E+19,1000033.992,1879479.147,0.11,0.12,0.11,0.12,0.09,0,0
202001,3.33503E+19,1000033.992,1879579.147,0.55,0.6,0.55,0.62,0.51,0.04,0.04
202001,3.33503E+19,1000033.992,1879629.147,0.35,0.46,0.49,0.46,0.35,0.04,0.02
202001,3.33503E+19,1000033.992,1879679.147,0.19,0.25,0.23,0.26,0.19,0.04,0
202001,3.33503E+19,1000033.992,1879729.147,15.27,17.09,16.4,16.76,14.43,2.31,1.38
202001,3.33503E+19,1000033.992,1879779.147,21.84,24.17,22.37,24.49,20.31,3.36,2.01
202001,3.33503E+19,1000033.992,1879829.147,23.17,25.55,24.12,25.94,21.49,3.87,2.3
202001,3.33503E+19,1000033.992,1879879.147,34.65,38.37,36.25,39.17,32.26,5.44,3.27
202001,3.33503E+19,1000033.992,1879929.147,29.84,33.37,31.75,33.36,27.79,4.73,2.67
202001,3.33503E+19,1000033.992,1879979.147,9.71,9.82,7.56,9.55,8.71,1.75,0.95
202001,3.33503E+19,1000033.992,1880129.147,0.49,0.55,0.53,0.55,0.46,0.07,0.04
202001,3.33503E+19,1000033.992,1880179.147,0.65,0.64,0.48,0.62,0.58,0.11,0.07
202001,3.33503E+19,1000033.992,1880229.147,2.17,2.44,2.26,2.42,2,0.32,0.19
202001,3.33503E+19,1000033.992,1880279.147,3.88,4.33,4.41,4.52,3.55,0.44,0.34
202001,3.33503E+19,1000033.992,1880329.147,21.01,24,21.98,25.07,20.64,5.63,3.09
202001,3.33503E+19,1000033.992,1880379.147,25.13,26.84,23.82,27.72,22.55,3.09,2.21
202001,3.33503E+19,1000033.992,1880429.147,6.07,7.26,6.97,7.8,5.92,0.72,0.49
202001,3.33503E+19,1000033.992,1880529.147,2.6,3.09,3.99,3.34,3.46,6.67,4.63
202001,3.33503E+19,1000033.992,1880579.147,0.58,0.69,1.08,0.78,1.01,2.4,1.8
202001,3.33503E+19,1000033.992,1881079.147,0.35,0.41,0.37,0.41,0.37,0.3,0.23
202001,3.33503E+19,1000033.992,1881229.147,1.43,1.66,1.62,1.68,1.71,2.14,1.59
202001,3.33503E+19,1000033.992,1881279.147,0.58,0.62,0.58,0.64,0.57,0.62,0.39
202001,3.33503E+19,1000033.992,1881329.147,3.57,4.15,4.03,4.2,4.15,4.66,3.46
202001,3.33503E+19,1000033.992,1881379.147,5.65,6.02,5.6,5.97,5.16,2.98,1.84
202001,3.33503E+19,1000033.992,1881429.147,5.65,6.02,5.6,5.97,5.16,2.98,1.84
202001,3.33703E+19,1000033.992,1881579.147,12.68,13.77,13.1,13.65,12.33,11.48,6.99
202001,3.33703E+19,1000033.992,1881629.147,8.56,9.13,8.83,9.04,8.23,8.07,4.96
202001,3.33703E+19,1000033.992,1881729.147,0.35,0.39,0.35,0.37,0.32,0.04,0.02
202001,3.33703E+19,1000033.992,1881779.147,0.26,0.28,0.25,0.26,0.23,0.04,0.02
202001,3.33703E+19,1000033.992,1881829.147,0.25,0.26,0.23,0.26,0.21,0.02,0.02
202001,3.33703E+19,1000033.992,1882379.147,0.12,0.14,0.11,0.14,0.12,0,0
202001,3.33703E+19,1000033.992,1882429.147,0.67,0.62,0.51,0.69,0.58,0.05,0.05
202001,3.33703E+19,1000033.992,1882579.147,2.21,2.05,1.66,2.24,1.85,0.05,0.05
202001,3.33703E+19,1000033.992,1882629.147,2.3,2.14,1.73,2.35,1.94,0.05,0.05
202001,3.33703E+19,1000033.992,1882679.147,0.71,0.74,0.6,0.79,0.65,0.02,0.02
202001,3.33703E+19,1000033.992,1882729.147,0.3,0.3,0.26,0.34,0.28,0.07,0.07
202001,3.33703E+19,1000033.992,1882779.147,1.17,1.24,1.06,1.32,1.11,0.21,0.18
202001,3.33703E+19,1000033.992,1882829.147,19.64,16.76,14.94,18.77,17.57,8.11,6.53
202001,3.33703E+19,1000033.992,1882879.147,4.43,3.88,3.32,4.4,3.8,1.04,0.88
202001,3.33703E+19,1000033.992,1882929.147,2.77,2.72,2.37,2.88,2.6,0.72,0.55
202001,3.33703E+19,1000033.992,1882979.147,2.9,2.88,2.51,3.07,2.72,0.72,0.57
202001,3.33703E+19,1000033.992,1883029.147,1.01,1.22,1.01,1.25,1.06,0.11,0.07
202001,3.33703E+19,1000033.992,1883079.147,0.28,0.34,0.26,0.34,0.28,0.04,0.02
202001,3.33703E+19,1000033.992,1883129.147,1.13,1.18,0.97,1.09,0.92,0.23,0.21
202001,3.33703E+19,1000033.992,1883179.147,1.45,1.8,1.61,1.96,1.59,0.12,0.07
202001,3.33703E+19,1000033.992,1883229.147,3.92,4.73,3.94,4.91,4.11,0.42,0.28
202001,3.33703E+19,1000033.992,1883279.147,3.71,4.47,3.71,4.63,3.88,0.39,0.26
202001,3.33703E+19,1000033.992,1883329.147,3.71,4.47,3.71,4.63,3.88,0.39,0.26
202001,3.33703E+19,1000033.992,1883379.147,3.58,4.33,3.6,4.49,3.76,0.39,0.26
202001,3.33703E+19,1000033.992,1883879.147,0.28,0.3,0.25,0.32,0.26,0,0
202001,3.33703E+19,1000033.992,1883979.147,2.68,3.18,2.6,3.25,2.63,0.02,0
202001,3.33703E+19,1000033.992,1884029.147,3.94,4.64,3.69,4.63,3.83,0.04,0.02
202001,3.33703E+19,1000033.992,1884079.147,2.68,3.14,2.67,3.13,2.65,0.99,0.76
202001,3.33703E+19,1000033.992,1884279.147,10.05,11.78,9.96,11.95,10.38,3.92,2.58
202001,3.33703E+19,1000033.992,1884329.147,0.42,0.49,0.65,0.51,0.78,1.64,1.2
202001,3.33703E+19,1000033.992,1884379.147,1.59,1.85,2.35,1.92,2.75,5.37,3.92
202001,3.33703E+19,1000033.992,1884429.147,80.08,89.21,81.39,91.52,89.19,73.21,51.84
202001,3.33703E+19,1000033.992,1884479.147,58.68,65.81,60.87,67.56,65.92,49.69,37.51
202001,3.33703E+19,1000033.992,1884529.147,5.16,5.24,4.96,5.44,5.26,3.87,3.92
202001,3.33703E+19,1000033.992,1884979.147,0.19,0.19,0.16,0.19,0.16,0.04,0.02
202001,3.33703E+19,1000033.992,1885079.147,1.22,1.38,1.2,1.39,1.13,0.18,0.12
202001,3.33703E+19,1000033.992,1885129.147,3.74,4.2,3.66,4.31,3.6,0.48,0.37
202001,3.33703E+19,1000033.992,1885179.147,0.64,0.72,0.62,0.74,0.62,0.09,0.07
202001,3.33703E+19,1000033.992,1885229.147,1.47,1.59,1.55,1.66,1.52,1.31,0.92
202001,3.33703E+19,1000033.992,1885279.147,53.82,60,60.13,61.52,59.91,57.71,44.37
202001,3.33703E+19,1000033.992,1885329.147,95.6,102.93,103.62,105.05,104.32,106.34,81.56
202001,3.33703E+19,1000033.992,1885379.147,15.06,16.85,16.7,17.45,16.16,14.57,10.65
202001,3.33703E+19,1000033.992,1885429.147,4.4,4.98,4.57,4.96,4.87,4.4,3.51
202001,3.33703E+19,1000033.992,1885529.147,4.18,4.56,4.5,4.57,4.54,4.68,4.33
202001,3.33703E+19,1000033.992,1885729.147,1.52,1.64,1.55,1.71,1.52,0.97,0.69
202001,3.33703E+19,1000033.992,1885829.147,1.61,1.62,1.5,1.7,1.59,1.01,1.01
202001,3.33703E+19,1000033.992,1885879.147,0.05,0.07,0.07,0.07,0.05,0.04,0.02
202001,3.33703E+19,1000033.992,1885979.147,0.02,0.02,0.02,0.02,0.02,0,0
202001,3.33703E+19,1000033.992,1886029.147,0.05,0.07,0.05,0.07,0.05,0,0
202001,3.33703E+19,1000033.992,1886179.147,1.08,1.17,1.08,1.18,1.06,0.76,0.58
202001,3.33703E+19,1000033.992,1886229.147,2.56,2.77,2.58,2.9,2.63,1.61,1.25
202001,3.33703E+19,1000033.992,1886279.147,2.56,2.75,2.47,2.83,2.53,1.18,0.92
202001,3.33703E+19,1000033.992,1886329.147,3.41,3.69,3.34,3.83,3.41,1.59,1.24
202001,3.33703E+19,1000033.992,1886379.147,4.73,5.19,4.47,5.28,4.31,0.53,0.41
202001,3.33703E+19,1000033.992,1886429.147,4.66,5.12,4.41,5.23,4.27,0.53,0.39
202001,3.33703E+19,1000033.992,1886479.147,7.84,8.62,8.41,8.76,8.33,7.2,5.39
202001,3.33703E+19,1000033.992,1886529.147,1.27,1.36,1.29,1.38,1.29,1.09,0.83
202001,3.33703E+19,1000033.992,1886579.147,5.39,5.97,5.93,6.02,5.9,5.79,4.31
202001,3.33704E+19,1000033.992,1886829.147,0,0,0,0.02,0,0,0
202001,3.33704E+19,1000033.992,1886879.147,0.04,0.04,0.02,0.04,0.02,0,0
202001,3.33704E+19,1000033.992,1886929.147,0.21,0.23,0.19,0.23,0.18,0,0
202001,3.33704E+19,1000033.992,1887279.147,0.79,0.88,0.87,0.9,0.85,0.76,0.57
202001,3.33704E+19,1000033.992,1887329.147,40.77,45.19,45.05,45.59,44.76,44.39,33.02
202001,3.33704E+19,1000033.992,1887379.147,46.86,52.2,51.84,53.5,52.27,49.57,36.32
202001,3.33704E+19,1000033.992,1887429.147,42.38,46.95,46.78,47.39,46.48,45.91,34.15
202001,3.33704E+19,1000033.992,1887529.147,1.87,2.08,2.03,2.14,2.05,1.71,1.25
202001,3.33704E+19,1000033.992,1887579.147,1.59,1.77,1.73,1.78,1.71,1.52,1.13
202001,3.33704E+19,1000033.992,1887629.147,0.79,0.88,0.87,0.9,0.85,0.76,0.57
202001,3.33704E+19,1000033.992,1887729.147,1.01,1.15,0.99,1.17,0.95,0.11,0.07
202001,3.33704E+19,1000033.992,1887779.147,1.17,1.31,1.13,1.32,1.08,0.12,0.09
202001,3.33704E+19,1000033.992,1887829.147,5.42,6.09,5.24,6.2,5.03,0.55,0.39
202001,3.33704E+19,1000033.992,1887879.147,2.19,2.51,2.15,2.54,2.07,0.19,0.14
202001,3.33704E+19,1000033.992,1887929.147,0.67,0.78,0.67,0.79,0.64,0.07,0.04
202001,3.33704E+19,1000033.992,1888029.147,39.73,46.03,44.43,46.32,43.58,36.53,23.17
202001,3.33704E+19,1000033.992,1888079.147,53.31,60.69,58.7,61.11,57.35,48.72,32.23
202001,3.33704E+19,1000033.992,1888129.147,2.7,3.13,2.97,3.2,2.95,2.14,1.36
202001,3.33704E+19,1000033.992,1888179.147,1.8,2.08,1.98,2.14,1.96,1.43,0.92
202001,3.33704E+19,1000033.992,1888229.147,2.3,2.65,2.53,2.67,2.45,1.84,1.17
202001,3.33704E+19,1000033.992,1888279.147,2.03,2.31,2.21,2.33,2.15,1.62,1.08
202001,3.33704E+19,1000033.992,1888429.147,1.02,1.17,1.11,1.17,1.08,0.81,0.53
202001,3.33704E+19,1000033.992,1888479.147,0.76,0.88,0.85,0.88,0.81,0.62,0.39
202001,3.33704E+19,1000033.992,1888629.147,0.48,0.57,0.48,0.57,0.44,0,0
202001,3.33704E+19,1000033.992,1888679.147,0.34,0.39,0.34,0.39,0.32,0,0
202001,3.33704E+19,1000033.992,1888929.147,0.6,0.67,0.57,0.67,0.53,0,0
202001,3.33704E+19,1000033.992,1888979.147,0.9,0.97,0.83,0.95,0.78,0,0
202001,3.33704E+19,1000033.992,1889029.147,4.06,4.61,4.38,4.59,4.27,3.23,2.24
202001,3.33704E+19,1000033.992,1889179.147,1.84,2.07,2.17,2.03,2.15,2.97,2.31
202001,3.33704E+19,1000033.992,1889529.147,11.37,12.86,10.81,12.47,10.14,1.36,1.08
202001,3.33704E+19,1000033.992,1889579.147,13.1,14.82,12.45,14.36,11.67,1.57,1.24
202001,3.33704E+19,1000033.992,1889629.147,13.83,14.83,12.7,14.78,12.38,1.54,1.2
202001,3.33704E+19,1000033.992,1889679.147,10.59,11.3,9.8,11.09,9.24,1.24,0.99
202001,3.33704E+19,1000033.992,1889729.147,3.27,3.53,3.09,3.57,2.95,0.32,0.23
202001,3.33704E+19,1000033.992,1889779.147,6.09,6.5,5.62,6.37,5.3,0.71,0.57
202001,3.33704E+19,1000033.992,1889829.147,2.33,2.51,2.19,2.53,2.1,0.23,0.16
202001,3.33704E+19,1000033.992,1890329.147,0.19,0.21,0.19,0.23,0.19,0,0
202001,3.33704E+19,1000033.992,1890429.147,2.91,3.58,3.43,3.48,3.55,4.52,2.37
202001,3.33704E+19,1000033.992,1890479.147,11.76,14.18,13.47,13.81,13.95,16.9,9.08
202001,3.33704E+19,1000033.992,1890679.147,0.05,0.07,0.05,0.07,0.05,0.04,0.04
202001,3.33704E+19,1000033.992,1890729.147,0.81,0.88,0.79,0.92,0.83,0.39,0.28
202001,3.33704E+19,1000033.992,1890779.147,0.85,0.9,0.79,0.9,0.81,0.42,0.37
202001,3.33704E+19,1000033.992,1890829.147,2.86,3.05,2.75,2.97,2.9,2.12,1.71
202001,3.33704E+19,1000033.992,1891029.147,0.05,0.05,0.07,0.07,0.07,0.05,0.05
202001,3.33704E+19,1000033.992,1891079.147,0.62,0.64,0.65,0.69,0.65,0.48,0.46
202001,3.33704E+19,1000033.992,1891129.147,1.36,1.39,1.17,1.39,1.17,0.23,0.21
202001,3.33704E+19,1000033.992,1891179.147,11.14,11.44,10.72,11.44,10.77,7.96,7.66
202001,3.33704E+19,1000033.992,1891229.147,28.39,29.14,28.69,29.42,29.05,26.45,25.6
202001,3.33704E+19,1000033.992,1891279.147,69.01,70.65,70.88,70.54,71.97,74.76,71.5
202001,3.33704E+19,1000033.992,1891329.147,611.99,629.21,610.55,634.88,617.93,527.71,504.63
202001,3.33704E+19,1000033.992,1891379.147,380.18,392.22,405.75,396.64,415.55,457.89,436.42
202001,3.33704E+19,1000033.992,1891429.147,182.07,187.85,190.42,189.95,194.24,198.02,188.73
202001,3.33704E+19,1000033.992,1891479.147,4.94,5.07,4.59,5,4.66,3.11,2.98
202001,3.33704E+19,1000033.992,1891579.147,42.06,42.94,40.91,41.66,42.82,40.12,36.91
202001,3.33704E+19,1000033.992,1891629.147,86.44,88.5,87.18,88.2,88.15,82.68,81.05
202001,3.33704E+19,1000033.992,1891679.147,1.89,2.1,2.08,2.17,2.22,2,1.62
202001,3.33704E+19,1000033.992,1891729.147,116.4,119.77,112.36,119.28,114.23,86.01,82.11
202001,3.33704E+19,1000033.992,1891779.147,108.97,112.11,105.12,111.65,106.87,80.27,76.64
202001,3.33704E+19,1000033.992,1891829.147,98.71,100.72,93.48,99.66,95.3,71.87,69.26
202001,3.33704E+19,1000033.992,1891879.147,25.57,28.78,26.59,29.12,27.92,21.53,15.68
202001,3.33704E+19,1000033.992,1891929.147,5.79,6.53,6.02,6.67,6.67,6.78,5.6
202001,3.33704E+19,1000033.992,1892029.147,2.35,2.26,2.22,2.51,2.58,2.45,2.07
202001,3.33704E+19,1000033.992,1892079.147,3.9,4.43,4.22,4.52,4.54,4.79,3.62
202001,3.33704E+19,1000033.992,1892129.147,3.32,3.78,3.53,3.81,3.81,4.04,2.98
202001,3.33704E+19,1000033.992,1892179.147,4.73,4.96,4.49,5.39,5.44,4.5,3.6
202001,3.33704E+19,1000033.992,1892229.147,1.5,1.7,1.47,1.7,1.54,0.78,0.57
202001,3.33704E+19,1000033.992,1892429.147,0.99,1.11,1.06,1.09,1.17,1.25,1.09
202001,3.33704E+19,1000033.992,1892479.147,0.85,0.97,0.94,0.99,1.04,1.41,1.13
202001,3.33704E+19,1000033.992,1892629.147,0.81,0.94,0.92,0.95,1.02,1.41,1.13
202001,3.33704E+19,1000033.992,1892779.147,0.58,0.65,0.58,0.67,0.65,0.65,0.51
202001,3.33704E+19,1000033.992,1892829.147,1.29,1.47,1.36,1.45,1.5,1.48,1.31
202001,3.33704E+19,1000033.992,1892879.147,2.14,2.03,2.03,2.22,2.38,2.4,2.12
202001,3.33704E+19,1000033.992,1892979.147,0.71,0.79,0.62,0.81,0.67,0.16,0.12
202001,3.33704E+19,1000033.992,1893079.147,0.42,0.48,0.41,0.44,0.44,0.3,0.3
202001,3.33704E+19,1000033.992,1893129.147,2.12,1.94,1.96,2.26,2.58,2.83,2.4
202001,3.33704E+19,1000033.992,1893179.147,1.24,1.22,1.17,1.39,1.59,1.71,1.41
202001,3.33704E+19,1000033.992,1893229.147,1.61,1.59,1.52,1.84,2.08,2.28,1.87
202001,3.33704E+19,1000033.992,1893279.147,1.8,1.77,1.73,2.05,2.4,2.79,2.3
202001,3.33704E+19,1000033.992,1893329.147,1.08,1.06,1.04,1.22,1.43,1.68,1.38
202001,3.33704E+19,1000033.992,1893379.147,7.38,7.28,7.35,8.41,10.63,14.11,11.64
202001,3.33704E+19,1000033.992,1893429.147,9.85,9.71,9.73,11.23,13.95,17.98,14.82
202001,3.33704E+19,1000033.992,1893479.147,14.14,13.44,13.33,15.31,16.92,17.82,14.83
202001,3.33704E+19,1000033.992,1893529.147,7.75,7.1,7.19,8.3,9.45,10.38,8.81
202001,3.33704E+19,1000033.992,1893579.147,3.88,3.83,3.74,4.43,5.23,6.09,5.01
202001,3.33704E+19,1000033.992,1893629.147,3.18,3.14,3.05,3.62,4.27,4.98,4.1
202001,3.33704E+19,1000033.992,1893679.147,1.77,1.75,1.7,2.01,2.37,2.77,2.28
202001,3.33704E+19,1000033.992,1893729.147,1.41,1.39,1.36,1.61,1.91,2.21,1.82
202001,3.12204E+19,1000033.992,1895579.147,0.88,0.94,0.97,0.99,1.09,1.32,0.9
202001,3.12204E+19,1000033.992,1895629.147,0.19,0.21,0.23,0.23,0.25,0.3,0.21
202001,3.12204E+19,1000033.992,1895679.147,0.19,0.21,0.23,0.23,0.25,0.3,0.21
202001,3.12204E+19,1000033.992,1896079.147,0.44,0.48,0.51,0.49,0.58,0.78,0.53
202001,3.12204E+19,1000033.992,1896729.147,0.09,0.09,0.09,0.11,0.09,0.02,0.02
202001,3.12204E+19,1000033.992,1896779.147,1.27,1.45,1.25,1.52,1.27,0.25,0.16
202001,3.12204E+19,1000033.992,1897179.147,0,0,0.11,0.02,0.18,0.74,0.51
202001,3.12204E+19,1000033.992,1898329.147,1.45,1.55,1.32,1.59,1.38,0.09,0.07
202001,3.12204E+19,1000033.992,1898379.147,1.45,1.55,1.32,1.59,1.38,0.09,0.07
202001,3.12204E+19,1000033.992,1898729.147,1.8,1.94,1.64,1.98,1.7,0.09,0.07
202001,3.12204E+19,1000033.992,1899229.147,0.19,0.19,0.16,0.21,0.16,0,0
202001,3.12204E+19,1000033.992,1899329.147,0.39,0.39,0.32,0.42,0.34,0,0
202001,3.12204E+19,1000033.992,1899429.147,0.09,0.09,0.07,0.11,0.09,0.02,0.02
202001,3.12204E+19,1000033.992,1899779.147,4.59,4.94,5.51,5.05,6.04,8.74,6.52
202001,3.12204E+19,1000033.992,1899979.147,0.53,0.57,0.57,0.6,0.64,0.67,0.51
202001,3.12204E+19,1000033.992,1900329.147,5.67,5.79,4.77,6.15,5.01,0.79,0.58
202001,3.12204E+19,1000033.992,1900379.147,1.68,1.66,1.39,1.84,1.48,0.23,0.18
202001,3.12204E+19,1000033.992,1900429.147,4.03,4.1,3.43,4.33,3.62,0.64,0.49
202001,3.12204E+19,1000033.992,1900479.147,10.67,12.11,10.47,11.6,10.22,1.48,1.04
202001,3.12204E+19,1000033.992,1900529.147,8.58,9.52,8.12,9.24,8.07,1.25,0.88
202001,3.12204E+19,1000033.992,1900579.147,2.47,2.51,2.3,2.44,2.65,3,2.19
202001,3.12204E+19,1000033.992,1900629.147,37.21,40.75,45.58,40.38,49.92,78.05,56.84
202001,3.12204E+19,1000033.992,1900679.147,22.69,25.09,26.15,24.32,28.32,38.14,27.21
202001,3.12204E+19,1000033.992,1900879.147,10.9,12.38,13.05,11.87,13.72,17.82,12.43
202001,3.12204E+19,1000033.992,1901429.147,0.46,0.53,0.46,0.51,0.44,0.02,0.02
202001,3.12204E+19,1000033.992,1901479.147,0.44,0.51,0.44,0.49,0.42,0.02,0.02
202001,3.12104E+19,1000033.992,1902779.147,0.07,0.07,0.07,0.07,0.07,0.05,0.04
202001,3.12104E+19,1000033.992,1904279.147,0.23,0.23,0.19,0.25,0.21,0,0
202001,3.12104E+19,1000033.992,1904329.147,0.69,0.72,0.58,0.71,0.58,0,0
202001,3.12104E+19,1000033.992,1904379.147,0.34,0.35,0.28,0.37,0.3,0,0
202001,3.12104E+19,1000033.992,1904429.147,41.6,43.05,40.84,44.71,48.38,59.44,37.1
202001,3.12104E+19,1000033.992,1904679.147,0.99,1.02,0.88,1.06,0.99,0.55,0.34
202001,3.12104E+19,1000033.992,1904729.147,0.3,0.3,0.28,0.32,0.34,0.37,0.23
202001,3.12104E+19,1000033.992,1904829.147,19.23,19.94,18.86,20.92,22.46,26.06,16.1
202001,3.12104E+19,1000033.992,1904879.147,31.08,32.17,30.53,33.41,36.18,44.59,27.83
202001,3.12104E+19,1000033.992,1904929.147,0.11,0.12,0.11,0.12,0.11,0,0
202001,3.12104E+19,1000033.992,1905579.147,1.78,1.85,1.84,1.89,1.96,2.03,1.73
202001,3.12104E+19,1000033.992,1906029.147,0.05,0.05,0.04,0.05,0.04,0,0
202001,3.12104E+19,1000033.992,1906929.147,3.5,3.74,3.71,4.27,5.56,7.56,3.16
202001,3.12104E+19,1000033.992,1907129.147,0.09,0.09,0.07,0.09,0.07,0,0
202001,3.12104E+19,1000033.992,1908229.147,1.36,1.45,1.36,1.52,1.57,1.39,1.08
202001,3.12104E+19,1000033.992,1908279.147,0.69,0.72,0.67,0.72,0.76,0.76,0.55
202001,3.12104E+19,1000033.992,1908379.147,1.41,1.5,1.55,1.73,2.7,4.52,1.64
202001,3.12104E+19,1000033.992,1908879.147,9.45,9.87,9.46,10.74,10.22,3.55,1.2
202001,3.12104E+19,1000033.992,1908929.147,17.27,18.96,17.39,19.07,18.01,4.79,1.87
202001,3.12104E+19,1000033.992,1908979.147,20.91,23.06,22.48,22.9,23.43,26.24,10.01
202001,3.12104E+19,1000033.992,1909029.147,0.92,1.08,1.18,0.9,1.29,2.42,0.72
202001,3.12104E+19,1000033.992,1910029.147,249.1,238.03,253.76,237.36,270.45,330.44,289.54
202001,3.12104E+19,1000033.992,1910129.147,255.6,244.23,258.97,243.56,275.45,330.61,289.72
202001,3.12104E+19,1000033.992,1910229.147,2.58,2.56,2.58,2.68,2.88,2.86,2.24
202001,3.12104E+19,1000033.992,1910579.147,1.17,1.15,0.97,1.2,0.99,0.04,0.04
202001,3.12104E+19,1000033.992,1910679.147,0.34,0.34,0.28,0.35,0.28,0.02,0.02
202001,3.12104E+19,1000033.992,1911329.147,53.15,56.72,53.73,57.34,64.05,62.58,48.65
202001,3.12104E+19,1000033.992,1911379.147,0.18,0.21,0.19,0.19,0.19,0.18,0.11
202001,3.12104E+19,1000033.992,1912079.147,0.35,0.41,0.37,0.41,0.37,0.34,0.23
202001,3.12104E+19,1000033.992,1913429.147,0.65,0.71,0.62,0.65,0.65,0.51,0.37
202001,3.12104E+19,1000033.992,1913479.147,0.26,0.32,0.28,0.28,0.3,0.23,0.18
202001,3.12104E+19,1000033.992,1913529.147,0.26,0.32,0.28,0.28,0.3,0.23,0.18
202001,3.12104E+19,1000033.992,1913779.147,2.4,3,2.45,2.75,2.53,0.79,0.57
202001,3.12104E+19,1000033.992,1913829.147,4.87,6.45,5.14,5.84,5.03,1.24,0.95
202001,3.12104E+19,1000033.992,1913929.147,0.23,0.26,0.23,0.26,0.23,0.07,0.05
202001,3.12104E+19,1000033.992,1914179.147,0.19,0.26,0.19,0.25,0.19,0,0
202001,3.12104E+19,1000033.992,1914229.147,0.23,0.28,0.23,0.26,0.21,0,0
202001,3.12104E+19,1000033.992,1914879.147,0.46,0.51,0.48,0.48,0.46,0.37,0.34
202001,3.12104E+19,1000033.992,1914929.147,5.99,7.73,6.43,7.05,6.07,3.27,2.6
202001,3.12104E+19,1000033.992,1915029.147,2.38,3.37,2.86,2.91,2.86,1.96,1.55
202001,3.12104E+19,1000033.992,1915079.147,1.71,2.58,2.08,2.05,2,1.32,1.24
202001,3.12104E+19,1000033.992,1915129.147,8.42,11.69,9.87,9.55,9.64,6.06,5.01
202001,3.12104E+19,1000033.992,1915179.147,10.49,14.44,11.99,11.94,11.97,7.35,5.93
202001,3.12104E+19,1000033.992,1915229.147,0.6,0.81,1.17,0.67,0.88,3.32,2.68
202001,3.12104E+19,1000033.992,1915279.147,0.49,0.69,0.51,0.57,0.55,0.04,0.02
202001,3.12104E+19,1000033.992,1915379.147,3.18,4.08,3.05,3.66,3.48,0.16,0.12
202001,3.12104E+19,1000033.992,1915429.147,3.92,5.58,4.27,4.63,4.5,0.18,0.16
202001,3.12104E+19,1000033.992,1915479.147,6,7.96,5.97,6.92,6.75,1.48,1.04
202001,3.12104E+19,1000033.992,1915529.147,1.52,1.57,1.45,1.68,1.62,0.88,0.76
202001,3.12104E+19,1000033.992,1915579.147,18.84,23.66,20.17,19.88,20.47,11.9,8.95
202001,3.12104E+19,1000033.992,1915629.147,8.3,8.78,8.02,8.92,8.25,4.45,3.94
202001,3.12104E+19,1000033.992,1915679.147,8.25,8.85,8.16,9.13,8.86,5.83,5.1
202001,3.12104E+19,1000033.992,1915729.147,6,6.32,6.27,6.71,6.87,5.76,4.93
202001,3.12104E+19,1000033.992,1915829.147,13.07,13.67,13.51,14.53,15.08,13.07,11.27
202001,3.12104E+19,1000033.992,1915879.147,83.75,90.85,86.74,93.8,94.05,70.9,60.18
202001,3.12104E+19,1000033.992,1915929.147,131.46,129.49,134.1,134.8,143.33,139.23,132.4
202001,3.12101E+19,1000033.992,1915979.147,37.12,39.61,38.58,41.39,42.64,36.69,32.16
202001,3.12101E+19,1000033.992,1916179.147,0.46,0.44,0.46,0.48,0.53,0.6,0.57
202001,3.12101E+19,1000033.992,1916229.147,4.17,4.01,4.96,4.33,6.13,10.24,9.57
202001,3.12101E+19,1000033.992,1916479.147,0.46,0.48,0.42,0.49,0.41,0.14,0.12
202001,3.12101E+19,1000033.992,1916729.147,49.12,53.17,65.16,57.18,58.73,71.67,87.13
202001,3.12101E+19,1000033.992,1916779.147,17.32,18.74,22.9,20.17,20.66,24.97,30.35
202001,3.12101E+19,1000033.992,1917179.147,0.05,0.05,0.04,0.05,0.04,0,0
202001,3.12101E+19,1000033.992,1919579.147,0.14,0.16,0.14,0.18,0.16,0,0
202001,3.12101E+19,1000033.992,1919629.147,1.52,1.64,1.45,1.66,1.52,0.25,0.25
202001,3.12101E+19,1000033.992,1920079.147,14.9,16.53,15.59,17.3,16.88,14.04,11.69
